label,statistic,description,observed,N1_lo,N1_hi,N1_p_two,N1_inside,N1_edge,N1_s10b_inside,N2_lo,N2_hi,N2_p_two,N2_inside,N2_edge,N2_s10b_inside,N3_lo,N3_hi,N3_p_two,N3_inside,N3_edge,N3_s10b_inside,N4_lo,N4_hi,N4_p_two,N4_inside,N4_edge,N4_s10b_inside
A,r_dec_len,"length, within abundance deciles",0.17135001486845086,0.05615989535148733,0.15545015066322082,0.009598080383923215,False,False,False,0.10151406249274472,0.19744028951185202,0.38192361527694463,True,False,True,0.06984449114291617,0.1696067122815605,0.04479104179164167,False,True,False,0.11863673262111953,0.21792182879890612,0.9202159568086383,True,False,True
A,r_dec_cys,"cysteine count, within abundance deciles",0.2640544173753977,0.13413924898467078,0.23080375122198168,0.0007998400319936012,False,False,False,0.18599460978136678,0.2800427227136394,0.20075984803039393,True,False,True,0.162511391365122,0.25726414942846476,0.023595280943811237,False,False,False,0.21400785691676266,0.30871910892338045,0.9758048390321936,True,False,True
A,r_dt_len,"length, decile x detectable-count tertile",0.06767335113375117,-0.028046536406589443,0.06599791422555969,0.04079184163167367,False,True,False,-0.004034402023190441,0.09207096167986903,0.32633473305338934,True,False,True,-0.010423262955723938,0.08258452962179731,0.1855628874225155,True,False,True,0.016126385002916462,0.11277609534140291,0.8818236352729454,True,False,True
A,r_dt_cys,"cysteine count, decile x detectable-count tertile",0.1859733404256774,0.014234954698544211,0.10506299633519126,0.0003999200159968006,False,False,False,0.0469033530004622,0.13960045646186847,0.0007998400319936012,False,False,False,0.06653197271168135,0.15513622283089898,0.0011997600479904018,False,False,False,0.0913664738741747,0.18540396263320147,0.04919016196760648,False,True,True
A,r_m_len,"length, 1:1 on abundance and exact detectable count",-0.006546014632268005,-0.05209388568698762,0.02472194900496693,0.7234553089382123,True,False,True,-0.0524505803782764,0.023017603703229448,0.6450709858028394,True,False,True,-0.03915561830171653,0.037324024423078465,0.7606478704259149,True,False,True,-0.03624299939911922,0.038981286723399115,0.7022595480903819,True,False,True
A,r_m_cys,"cysteine count, 1:1 on abundance and exact detectable count",0.022616000238946832,-0.014889877627552589,0.019298209861311304,0.01999600079984003,False,False,False,-0.015727131040348622,0.0168823913827031,0.007998400319936013,False,False,False,0.01381125555493789,0.047818351645519765,0.33913217356528697,True,False,True,0.011142682638522805,0.044253623256061476,0.5538892221555689,True,False,True
A,r_m_undet,"undetectable cysteines, 1:1 on abundance and exact detectable count",0.07046269320591647,-0.03900134313721708,0.04218704822446783,0.0015996800639872025,False,False,False,-0.0413804065398567,0.04053539325855679,0.0007998400319936012,False,False,False,0.023034585682217223,0.10447305720169103,0.7230553889222155,True,False,True,0.021020110710156796,0.10182695745157118,0.7006598680263947,True,False,True
A,b_undet_M3u,log OR per undetectable cysteine (M3u),0.08661388332002704,-0.038044832524265826,0.03471458238315774,0.0003999200159968006,False,False,False,-0.032666630638767506,0.03990840450827482,0.0003999200159968006,False,False,False,0.023078941582252852,0.08959944391251592,0.07518496300739852,True,False,True,0.038339204910184124,0.10925574259070647,0.4611077784443111,True,False,True
A,b_len_M3u,log OR per doubling of length (M3u),0.03551740578741521,-0.10589413354541889,0.08740362105596092,0.3567286542691462,True,False,True,-0.08202798025186064,0.10957310566121144,0.615876824635073,True,False,True,-0.09570092266608553,0.09449723096950266,0.4403119376124775,True,False,True,-0.0831138629364243,0.11252733749323746,0.6946610677864428,True,False,True
A,r_mc_det,"detectable cysteines, 1:1 on abundance and exact total count",0.00044560365976220595,0.006393608220097968,0.04187640558734752,0.008398320335932814,False,False,False,0.006354886329575396,0.04006364292744671,0.009198160367926415,False,False,False,-0.021872041584620448,0.014461798631141932,0.6898620275944811,True,False,True,-0.019723501643287133,0.014841392741186116,0.7594481103779244,True,False,True
A,r_mc_len,"length, 1:1 on abundance and exact total count",-0.02505955509057778,-0.05196549031385112,0.020894817760400988,0.6038792241551689,True,False,True,-0.04897525523038942,0.023506383173999192,0.5290941811637673,True,False,True,-0.0551631956099075,0.018124692528657897,0.7158568286342731,True,False,True,-0.05381232262628233,0.02114843103267947,0.6726654669066187,True,False,True
A,dAIC_D_minus_T,AIC(detectable-count model) - AIC(total-count model),18.953387618380475,-27.45274529338139,1.1011104403178682,0.0003999200159968006,False,False,False,-33.563330503925,-2.1940945147534725,0.0003999200159968006,False,False,False,2.5290988958485743,34.54125351802178,0.8502299540091982,True,False,True,-1.7951286588140418,32.533593763140665,0.633873225354929,True,False,True
A,b_det_B,log2(1 + detectable count) given log2(1 + total count),-0.007551795123668384,0.18793536312658646,0.6413421980341382,0.0003999200159968006,False,False,False,0.2578295480438582,0.7227470556306582,0.0003999200159968006,False,False,False,-0.21872209308401186,0.19826384705112926,0.9590081983603279,True,False,True,-0.15406601810829737,0.2743450118521772,0.5818836232753449,True,False,True
A,d_det_minus_undet_L,"per-cysteine log OR, detectable minus undetectable",-0.007331141840787675,0.02025230993100297,0.10575620329151798,0.0015996800639872025,False,False,False,0.03847414033942118,0.12656471006488537,0.0003999200159968006,False,False,False,-0.04841446770042937,0.03313668235026841,0.9726054789042191,True,False,True,-0.04368349517278867,0.04173895204632739,0.7858428314337133,True,False,True
S,r_dec_len,"length, within abundance deciles",0.20378807433515797,0.14712034513136732,0.25748578944906125,0.9842031593681264,True,False,True,0.16879331774559256,0.27920068517896385,0.45350929814037194,True,False,True,0.1640711051993071,0.2722581169688049,0.5726854629074185,True,False,True,0.18743081452355548,0.2931991513705696,0.16556688662267546,True,False,True
S,r_dec_cys,"cysteine count, within abundance deciles",0.3696435897671318,0.28333317045015516,0.3863078307673184,0.1775644871025795,True,False,True,0.3062962891394298,0.40744033617245556,0.637872425514897,True,False,True,0.3161583803266404,0.4144438864947379,0.8842231553689263,True,False,True,0.33750913139920746,0.4336234882507303,0.4971005798840232,True,False,True
S,r_dt_len,"length, decile x detectable-count tertile",0.060366131137604806,-0.004998248444864421,0.1056431837797773,0.7474505098980204,True,False,True,0.015955690973839778,0.12272155172366332,0.7534493101379725,True,False,True,0.025471311570467513,0.12902567103030727,0.5282943411317736,True,False,True,0.037059621819352434,0.14592649289651907,0.2455508898220356,True,False,True
S,r_dt_cys,"cysteine count, decile x detectable-count tertile",0.22961621662938736,0.07071934575497085,0.17512259954397494,0.0003999200159968006,False,False,False,0.10289445954076824,0.20529354131229763,0.007998400319936013,False,False,False,0.1519797264136072,0.2553788227051567,0.32673465306938615,True,False,True,0.16161391169630376,0.26593899098654844,0.5590881823635273,True,False,True
S,r_m_len,"length, 1:1 on abundance and exact detectable count",-0.04283434797921348,-0.058639050408230656,0.03422668354758274,0.20035992801439712,True,False,True,-0.05612757857344217,0.034887969727916385,0.17636472705458908,True,False,True,-0.034395072430730325,0.0572137782966666,0.021595680863827234,False,False,False,-0.03455279144678326,0.056211688948106124,0.021995600879824034,False,False,False
S,r_m_cys,"cysteine count, 1:1 on abundance and exact detectable count",0.0338265207109949,-0.019500818757596284,0.022353803835265605,0.003599280143971206,False,False,False,-0.019807226053788176,0.02069240929663173,0.001999600079984003,False,False,False,0.03079680745234517,0.07340062078271888,0.09238152369526095,True,False,True,0.024925748639743027,0.06732280240975011,0.2523495300939812,True,False,True
S,r_m_undet,"undetectable cysteines, 1:1 on abundance and exact detectable count",0.09673037253196681,-0.04835208725701873,0.053755981104480585,0.0011997600479904018,False,False,False,-0.04903025666547251,0.0508405145462155,0.0007998400319936012,False,False,False,0.06292751925049794,0.16166328920160436,0.551489702059588,True,False,True,0.05362846832916169,0.155777005742813,0.754249150169966,True,False,True
S,b_undet_M3u,log OR per undetectable cysteine (M3u),0.09316597678578296,-0.04330545255147266,0.036511439030949736,0.0003999200159968006,False,False,False,-0.04495249897209057,0.03503385116921655,0.0003999200159968006,False,False,False,0.05682642596092358,0.12863653325710214,0.9698060387922416,True,False,True,0.055279968575886615,0.13024223387274517,0.9942011597680463,True,False,True
S,b_len_M3u,log OR per doubling of length (M3u),-0.08879026266161907,-0.12478497443817647,0.0991524394264603,0.1879624075184963,True,False,True,-0.11034680279441056,0.11387600030850771,0.11277744451109778,True,False,True,-0.1107311614348889,0.10680416066111197,0.1227754449110178,True,False,True,-0.10139924807273148,0.12290365000658264,0.08238352329534093,True,False,True
S,r_mc_det,"detectable cysteines, 1:1 on abundance and exact total count",0.01670571915272867,0.025921070722885946,0.06978653599009181,0.004799040191961607,False,False,False,0.022562066238742136,0.06496330816634453,0.014797040591881624,False,False,False,-0.02587272553229256,0.02045351348129913,0.09758048390321936,True,False,True,-0.026577498477634718,0.019725573797276318,0.09598080383923216,True,False,True
S,r_mc_len,"length, 1:1 on abundance and exact total count",-0.07732571929648024,-0.05755564414188354,0.03239925367855495,0.003199360127974405,False,False,False,-0.054811422062115124,0.033123148594004045,0.0023995200959808036,False,False,False,-0.06450588714653838,0.02445107430472361,0.011197760447910418,False,False,False,-0.06362887178900546,0.025491357076026663,0.013197360527894421,False,False,False
S,dAIC_D_minus_T,AIC(detectable-count model) - AIC(total-count model),22.909850805636324,-53.73587799957312,-10.228493369017151,0.0003999200159968006,False,False,False,-55.35292607671188,-11.788059363084104,0.0003999200159968006,False,False,False,16.56127565968784,66.0349182291085,0.15836832633473305,True,False,True,11.966300853182474,62.77254487992168,0.29514097180563886,True,False,True
S,b_det_B,log2(1 + detectable count) given log2(1 + total count),0.20665033158025375,0.49880723230844065,1.0643591582031446,0.0003999200159968006,False,False,False,0.5091660042568179,1.0868347876218796,0.0003999200159968006,False,False,False,-0.24973656366793962,0.21481896448639237,0.060387922415516895,True,False,True,-0.2366282272153376,0.2621500720733372,0.1331733653269346,True,False,True
S,d_det_minus_undet_L,"per-cysteine log OR, detectable minus undetectable",0.014819116319443576,0.05797336741700605,0.15480018874728818,0.0007998400319936012,False,False,False,0.0625924933208809,0.16200697836607897,0.0003999200159968006,False,False,False,-0.05827492191621754,0.028792851701394936,0.1891621675664867,True,False,True,-0.05619014409197055,0.03594227478575248,0.2923415316936613,True,False,True
S_map,r_dec_len,"length, within abundance deciles",0.22123306225364042,0.15588765671308333,0.2646466482511591,0.6862627474505099,True,False,True,0.17954868068185534,0.2862441424036951,0.6638672265546891,True,False,True,0.16859891008776562,0.2772573850703714,0.9426114777044591,True,False,True,0.19267538469578524,0.3020734374832762,0.3339332133573285,True,False,True
S_map,r_dec_cys,"cysteine count, within abundance deciles",0.387986849097099,0.2943273593647207,0.39534614064103357,0.09518096380723855,True,False,True,0.3201950237263178,0.41921520436122034,0.47470505898820237,True,False,True,0.3225384380561556,0.42204936045705504,0.5398920215956808,True,False,True,0.3437125859700752,0.4437579586678622,0.8090381923615277,True,False,True
S_map,r_dt_len,"length, decile x detectable-count tertile",0.07771397627134956,0.00011741491560700558,0.10868044684272354,0.3743251349730054,True,False,True,0.018088148908087468,0.12908427654204704,0.9178164367126574,True,False,True,0.025929380864721956,0.13270299817249787,0.9626074785042992,True,False,True,0.0422656299640097,0.14972622861847043,0.483503299340132,True,False,True
S_map,r_dt_cys,"cysteine count, decile x detectable-count tertile",0.2256735109337969,0.07462850466263414,0.17856008260715164,0.0003999200159968006,False,False,False,0.1121227228035717,0.21758259804740765,0.02519496100779844,False,False,False,0.15563939660440465,0.2596859395390699,0.5022995400919816,True,False,True,0.16995260197064338,0.2728006826921588,0.9110177964407119,True,False,True
S_map,r_m_len,"length, 1:1 on abundance and exact detectable count",-0.04125755053507729,-0.05918759121247481,0.03451821107776649,0.23995200959808038,True,False,True,-0.05662693896585175,0.03454728833203593,0.1855628874225155,True,False,True,-0.037387461047701465,0.056977959656375754,0.03159368126374725,False,False,False,-0.03419469269980029,0.057731544477155075,0.02399520095980804,False,False,False
S_map,r_m_cys,"cysteine count, 1:1 on abundance and exact detectable count",0.03191248513674205,-0.019479642351575708,0.0227567429097371,0.005598880223955209,False,False,False,-0.02033469567230127,0.020614598798159637,0.0023995200959808036,False,False,False,0.031115457650288097,0.075350996588433,0.057588482303539294,True,True,True,0.02558091085845281,0.06772526493719895,0.16916616676664667,True,False,True
S_map,r_m_undet,"undetectable cysteines, 1:1 on abundance and exact detectable count",0.09193055885850177,-0.04947354092843458,0.05365277795458449,0.0011997600479904018,False,False,False,-0.0506852646630542,0.05197629470648738,0.0007998400319936012,False,False,False,0.06347733105492456,0.16723137190898277,0.3735252949410118,True,False,True,0.0557484012949945,0.15880016289369892,0.5562887422515497,True,False,True
S_map,b_undet_M3u,log OR per undetectable cysteine (M3u),0.08735175270516675,-0.04368283673133091,0.0366773471297666,0.0003999200159968006,False,False,False,-0.04588390358358337,0.0336930290661037,0.0003999200159968006,False,False,False,0.057409529298376866,0.13083826661070708,0.7090581883623275,True,False,True,0.05823564324992438,0.1325796144900818,0.6574685062987402,True,False,True
S_map,b_len_M3u,log OR per doubling of length (M3u),-0.08742767055732716,-0.12397805584193258,0.09896310399905864,0.19636072785442912,True,False,True,-0.10858448677343531,0.11616841316071765,0.10917816436712657,True,False,True,-0.116505973590575,0.10598711546366922,0.14717056588682265,True,False,True,-0.102702030741589,0.1289615795477997,0.08838232353529295,True,False,True
S_map,r_mc_det,"detectable cysteines, 1:1 on abundance and exact total count",0.020682045184304387,0.02749580962710982,0.07180657815262459,0.009198160367926415,False,False,False,0.023139408486165306,0.06620855890696496,0.03119376124775045,False,False,False,-0.027204664759791858,0.021353369949178913,0.05878824235152969,True,True,False,-0.02600704069486722,0.019033852193536864,0.035992801439712056,False,False,False
S_map,r_mc_len,"length, 1:1 on abundance and exact total count",-0.06964280618311536,-0.05769274494470843,0.03083346395895668,0.013597280543891222,False,False,False,-0.055175418047895636,0.03370757448844593,0.008798240351929614,False,False,False,-0.06870825619816782,0.025034889666429277,0.04399120175964807,False,True,False,-0.06327583818898466,0.027847064078759826,0.02439512097580484,False,False,False
S_map,dAIC_D_minus_T,AIC(detectable-count model) - AIC(total-count model),14.399401651017797,-54.49670983912391,-11.412292648657516,0.0003999200159968006,False,False,False,-56.556141740640406,-13.042420839452575,0.0003999200159968006,False,False,False,15.974034456588333,67.20110743840442,0.039192161567686463,False,False,False,12.72911163658697,61.802487419363274,0.07078584283143372,True,False,True
S_map,b_det_B,log2(1 + detectable count) given log2(1 + total count),0.29750370694802225,0.5269641963077646,1.0922053423081164,0.0011997600479904018,False,False,False,0.5411874883334135,1.1157160901130032,0.0003999200159968006,False,False,False,-0.2571036579663728,0.23008693398488764,0.013597280543891222,False,False,False,-0.21851289937451113,0.26194852931754,0.028794241151769647,False,False,False
S_map,d_det_minus_undet_L,"per-cysteine log OR, detectable minus undetectable",0.025456325739762156,0.06141949043680103,0.15911180042483034,0.0007998400319936012,False,False,False,0.06746742001780305,0.1662697392995584,0.0011997600479904018,False,False,False,-0.05941555361547965,0.029971138324526816,0.07598480303939212,True,False,True,-0.05549111805046717,0.035588325285905865,0.1287742451509698,True,False,True
