arm,rule,rule_type,band,class,stratum,n,n_flagged,share_flagged
Trypsin,trypsin,own,proximal_1_3,site,in_trypsin_hydn,706,316,0.4475920679886686
Trypsin,trypsin,own,proximal_1_3,site,not_in_trypsin_hydn,648,308,0.47530864197530864
Trypsin,trypsin,own,proximal_1_3,site,all,1354,624,0.4608567208271787
Trypsin,trypsin,own,proximal_1_3,observed_nonsite,in_trypsin_hydn,1056,709,0.6714015151515151
Trypsin,trypsin,own,proximal_1_3,observed_nonsite,not_in_trypsin_hydn,2883,1584,0.5494276795005203
Trypsin,trypsin,own,proximal_1_3,observed_nonsite,all,3939,2293,0.5821274435135821
Trypsin,trypsin,own,proximal_1_3,unobserved,in_trypsin_hydn,132,88,0.6666666666666666
Trypsin,trypsin,own,proximal_1_3,unobserved,not_in_trypsin_hydn,24077,11127,0.4621422934751007
Trypsin,trypsin,own,proximal_1_3,unobserved,all,24209,11215,0.4632574662315668
Trypsin,trypsin,own,distal_6_12,site,in_trypsin_hydn,706,618,0.8753541076487252
Trypsin,trypsin,own,distal_6_12,site,not_in_trypsin_hydn,648,554,0.8549382716049383
Trypsin,trypsin,own,distal_6_12,site,all,1354,1172,0.8655834564254062
Trypsin,trypsin,own,distal_6_12,observed_nonsite,in_trypsin_hydn,1056,921,0.8721590909090909
Trypsin,trypsin,own,distal_6_12,observed_nonsite,not_in_trypsin_hydn,2883,2465,0.8550121401318072
Trypsin,trypsin,own,distal_6_12,observed_nonsite,all,3939,3386,0.8596090378268596
Trypsin,trypsin,own,distal_6_12,unobserved,in_trypsin_hydn,132,122,0.9242424242424242
Trypsin,trypsin,own,distal_6_12,unobserved,not_in_trypsin_hydn,24077,18028,0.7487643809444698
Trypsin,trypsin,own,distal_6_12,unobserved,all,24209,18150,0.7497211780742699
AspN,aspn,own,proximal_1_3,site,in_trypsin_hydn,51,20,0.39215686274509803
AspN,aspn,own,proximal_1_3,site,not_in_trypsin_hydn,64,35,0.546875
AspN,aspn,own,proximal_1_3,site,all,115,55,0.4782608695652174
AspN,aspn,own,proximal_1_3,observed_nonsite,in_trypsin_hydn,25,17,0.68
AspN,aspn,own,proximal_1_3,observed_nonsite,not_in_trypsin_hydn,47,25,0.5319148936170213
AspN,aspn,own,proximal_1_3,observed_nonsite,all,72,42,0.5833333333333334
AspN,aspn,own,proximal_1_3,unobserved,in_trypsin_hydn,233,71,0.30472103004291845
AspN,aspn,own,proximal_1_3,unobserved,not_in_trypsin_hydn,1329,374,0.28141459744168545
AspN,aspn,own,proximal_1_3,unobserved,all,1562,445,0.2848911651728553
AspN,aspn,own,distal_6_12,site,in_trypsin_hydn,51,44,0.8627450980392157
AspN,aspn,own,distal_6_12,site,not_in_trypsin_hydn,64,47,0.734375
AspN,aspn,own,distal_6_12,site,all,115,91,0.7913043478260869
AspN,aspn,own,distal_6_12,observed_nonsite,in_trypsin_hydn,25,18,0.72
AspN,aspn,own,distal_6_12,observed_nonsite,not_in_trypsin_hydn,47,39,0.8297872340425532
AspN,aspn,own,distal_6_12,observed_nonsite,all,72,57,0.7916666666666666
AspN,aspn,own,distal_6_12,unobserved,in_trypsin_hydn,233,138,0.592274678111588
AspN,aspn,own,distal_6_12,unobserved,not_in_trypsin_hydn,1329,724,0.54477050413845
AspN,aspn,own,distal_6_12,unobserved,all,1562,862,0.5518565941101152
AspN,trypsin,trypsin,proximal_1_3,site,in_trypsin_hydn,51,21,0.4117647058823529
AspN,trypsin,trypsin,proximal_1_3,site,not_in_trypsin_hydn,64,35,0.546875
AspN,trypsin,trypsin,proximal_1_3,site,all,115,56,0.48695652173913045
AspN,trypsin,trypsin,proximal_1_3,observed_nonsite,in_trypsin_hydn,25,9,0.36
AspN,trypsin,trypsin,proximal_1_3,observed_nonsite,not_in_trypsin_hydn,47,26,0.5531914893617021
AspN,trypsin,trypsin,proximal_1_3,observed_nonsite,all,72,35,0.4861111111111111
AspN,trypsin,trypsin,proximal_1_3,unobserved,in_trypsin_hydn,233,128,0.5493562231759657
AspN,trypsin,trypsin,proximal_1_3,unobserved,not_in_trypsin_hydn,1329,602,0.4529721595184349
AspN,trypsin,trypsin,proximal_1_3,unobserved,all,1562,730,0.4673495518565941
AspN,trypsin,trypsin,distal_6_12,site,in_trypsin_hydn,51,42,0.8235294117647058
AspN,trypsin,trypsin,distal_6_12,site,not_in_trypsin_hydn,64,46,0.71875
AspN,trypsin,trypsin,distal_6_12,site,all,115,88,0.7652173913043478
AspN,trypsin,trypsin,distal_6_12,observed_nonsite,in_trypsin_hydn,25,23,0.92
AspN,trypsin,trypsin,distal_6_12,observed_nonsite,not_in_trypsin_hydn,47,35,0.7446808510638298
AspN,trypsin,trypsin,distal_6_12,observed_nonsite,all,72,58,0.8055555555555556
AspN,trypsin,trypsin,distal_6_12,unobserved,in_trypsin_hydn,233,197,0.8454935622317596
AspN,trypsin,trypsin,distal_6_12,unobserved,not_in_trypsin_hydn,1329,967,0.7276147479307751
AspN,trypsin,trypsin,distal_6_12,unobserved,all,1562,1164,0.7451984635083226
CT,chymotrypsin,own,proximal_1_3,site,in_trypsin_hydn,146,66,0.4520547945205479
CT,chymotrypsin,own,proximal_1_3,site,not_in_trypsin_hydn,264,135,0.5113636363636364
CT,chymotrypsin,own,proximal_1_3,site,all,410,201,0.4902439024390244
CT,chymotrypsin,own,proximal_1_3,observed_nonsite,in_trypsin_hydn,60,36,0.6
CT,chymotrypsin,own,proximal_1_3,observed_nonsite,not_in_trypsin_hydn,254,167,0.65748031496063
CT,chymotrypsin,own,proximal_1_3,observed_nonsite,all,314,203,0.6464968152866242
CT,chymotrypsin,own,proximal_1_3,unobserved,in_trypsin_hydn,590,207,0.35084745762711866
CT,chymotrypsin,own,proximal_1_3,unobserved,not_in_trypsin_hydn,5299,2108,0.39781090771843747
CT,chymotrypsin,own,proximal_1_3,unobserved,all,5889,2315,0.39310579045678384
CT,chymotrypsin,own,distal_6_12,site,in_trypsin_hydn,146,116,0.7945205479452054
CT,chymotrypsin,own,distal_6_12,site,not_in_trypsin_hydn,264,219,0.8295454545454546
CT,chymotrypsin,own,distal_6_12,site,all,410,335,0.8170731707317073
CT,chymotrypsin,own,distal_6_12,observed_nonsite,in_trypsin_hydn,60,48,0.8
CT,chymotrypsin,own,distal_6_12,observed_nonsite,not_in_trypsin_hydn,254,214,0.84251968503937
CT,chymotrypsin,own,distal_6_12,observed_nonsite,all,314,262,0.8343949044585988
CT,chymotrypsin,own,distal_6_12,unobserved,in_trypsin_hydn,590,331,0.5610169491525424
CT,chymotrypsin,own,distal_6_12,unobserved,not_in_trypsin_hydn,5299,3501,0.6606906963578033
CT,chymotrypsin,own,distal_6_12,unobserved,all,5889,3832,0.6507047036848361
CT,trypsin,trypsin,proximal_1_3,site,in_trypsin_hydn,146,75,0.5136986301369864
CT,trypsin,trypsin,proximal_1_3,site,not_in_trypsin_hydn,264,140,0.5303030303030303
CT,trypsin,trypsin,proximal_1_3,site,all,410,215,0.524390243902439
CT,trypsin,trypsin,proximal_1_3,observed_nonsite,in_trypsin_hydn,60,25,0.4166666666666667
CT,trypsin,trypsin,proximal_1_3,observed_nonsite,not_in_trypsin_hydn,254,84,0.33070866141732286
CT,trypsin,trypsin,proximal_1_3,observed_nonsite,all,314,109,0.3471337579617834
CT,trypsin,trypsin,proximal_1_3,unobserved,in_trypsin_hydn,590,328,0.5559322033898305
CT,trypsin,trypsin,proximal_1_3,unobserved,not_in_trypsin_hydn,5299,2380,0.44914134742404227
CT,trypsin,trypsin,proximal_1_3,unobserved,all,5889,2708,0.4598403803701817
CT,trypsin,trypsin,distal_6_12,site,in_trypsin_hydn,146,125,0.8561643835616438
CT,trypsin,trypsin,distal_6_12,site,not_in_trypsin_hydn,264,199,0.7537878787878788
CT,trypsin,trypsin,distal_6_12,site,all,410,324,0.7902439024390244
CT,trypsin,trypsin,distal_6_12,observed_nonsite,in_trypsin_hydn,60,56,0.9333333333333333
CT,trypsin,trypsin,distal_6_12,observed_nonsite,not_in_trypsin_hydn,254,190,0.7480314960629921
CT,trypsin,trypsin,distal_6_12,observed_nonsite,all,314,246,0.7834394904458599
CT,trypsin,trypsin,distal_6_12,unobserved,in_trypsin_hydn,590,518,0.8779661016949153
CT,trypsin,trypsin,distal_6_12,unobserved,not_in_trypsin_hydn,5299,3880,0.7322136252123042
CT,trypsin,trypsin,distal_6_12,unobserved,all,5889,4398,0.7468160978094753
GluC,gluc,own,proximal_1_3,site,in_trypsin_hydn,192,92,0.4791666666666667
GluC,gluc,own,proximal_1_3,site,not_in_trypsin_hydn,325,140,0.4307692307692308
GluC,gluc,own,proximal_1_3,site,all,517,232,0.44874274661508706
GluC,gluc,own,proximal_1_3,observed_nonsite,in_trypsin_hydn,85,74,0.8705882352941177
GluC,gluc,own,proximal_1_3,observed_nonsite,not_in_trypsin_hydn,278,193,0.6942446043165468
GluC,gluc,own,proximal_1_3,observed_nonsite,all,363,267,0.7355371900826446
GluC,gluc,own,proximal_1_3,unobserved,in_trypsin_hydn,621,237,0.38164251207729466
GluC,gluc,own,proximal_1_3,unobserved,not_in_trypsin_hydn,5538,1849,0.33387504514265076
GluC,gluc,own,proximal_1_3,unobserved,all,6159,2086,0.3386913459977269
GluC,gluc,own,distal_6_12,site,in_trypsin_hydn,192,148,0.7708333333333334
GluC,gluc,own,distal_6_12,site,not_in_trypsin_hydn,325,249,0.7661538461538462
GluC,gluc,own,distal_6_12,site,all,517,397,0.7678916827852998
GluC,gluc,own,distal_6_12,observed_nonsite,in_trypsin_hydn,85,68,0.8
GluC,gluc,own,distal_6_12,observed_nonsite,not_in_trypsin_hydn,278,234,0.841726618705036
GluC,gluc,own,distal_6_12,observed_nonsite,all,363,302,0.8319559228650137
GluC,gluc,own,distal_6_12,unobserved,in_trypsin_hydn,621,359,0.5780998389694042
GluC,gluc,own,distal_6_12,unobserved,not_in_trypsin_hydn,5538,3467,0.6260382809678584
GluC,gluc,own,distal_6_12,unobserved,all,6159,3826,0.6212047410293879
GluC,trypsin,trypsin,proximal_1_3,site,in_trypsin_hydn,192,89,0.4635416666666667
GluC,trypsin,trypsin,proximal_1_3,site,not_in_trypsin_hydn,325,151,0.4646153846153846
GluC,trypsin,trypsin,proximal_1_3,site,all,517,240,0.46421663442940037
GluC,trypsin,trypsin,proximal_1_3,observed_nonsite,in_trypsin_hydn,85,32,0.3764705882352941
GluC,trypsin,trypsin,proximal_1_3,observed_nonsite,not_in_trypsin_hydn,278,106,0.381294964028777
GluC,trypsin,trypsin,proximal_1_3,observed_nonsite,all,363,138,0.38016528925619836
GluC,trypsin,trypsin,proximal_1_3,unobserved,in_trypsin_hydn,621,358,0.5764895330112721
GluC,trypsin,trypsin,proximal_1_3,unobserved,not_in_trypsin_hydn,5538,2536,0.45792704947634527
GluC,trypsin,trypsin,proximal_1_3,unobserved,all,6159,2894,0.4698814742653028
GluC,trypsin,trypsin,distal_6_12,site,in_trypsin_hydn,192,164,0.8541666666666666
GluC,trypsin,trypsin,distal_6_12,site,not_in_trypsin_hydn,325,251,0.7723076923076924
GluC,trypsin,trypsin,distal_6_12,site,all,517,415,0.8027079303675049
GluC,trypsin,trypsin,distal_6_12,observed_nonsite,in_trypsin_hydn,85,73,0.8588235294117647
GluC,trypsin,trypsin,distal_6_12,observed_nonsite,not_in_trypsin_hydn,278,221,0.7949640287769785
GluC,trypsin,trypsin,distal_6_12,observed_nonsite,all,363,294,0.8099173553719008
GluC,trypsin,trypsin,distal_6_12,unobserved,in_trypsin_hydn,621,544,0.8760064412238325
GluC,trypsin,trypsin,distal_6_12,unobserved,not_in_trypsin_hydn,5538,4081,0.7369086312748284
GluC,trypsin,trypsin,distal_6_12,unobserved,all,6159,4625,0.7509335931157656
