arm,rule,background,band,estimate,ci_low_default_seed,ci_high_default_seed,ci_low_min,ci_low_max,ci_low_sd,ci_high_min,ci_high_max,ci_high_sd,share_seeds_interval_covers_zero,share_seeds_status_FAIL,share_seeds_status_WARNING,share_seeds_status_UNDECIDABLE,share_seeds_status_PASS,n_seeds
Trypsin,trypsin,proteome,proximal_1_3,-0.110085,-0.29021,0.067838,-0.299992,-0.283339,0.0036820080258534145,0.059009,0.079836,0.004312389377983735,1.0,0.0,0.0,0.0,1.0,50.0
Trypsin,trypsin,proteome,distal_6_12,0.980103,0.719034,1.266243,0.701277,0.720804,0.004916881518289608,1.261984,1.294195,0.006735030662597058,0.0,1.0,0.0,0.0,0.0,50.0
Trypsin,trypsin,observed,proximal_1_3,-0.704331,-0.904197,-0.506363,-0.915815,-0.89909,0.003766857573248932,-0.518702,-0.496043,0.0045648656522242976,0.0,0.88,0.12,0.0,0.0,50.0
Trypsin,trypsin,observed,distal_6_12,0.07048,-0.233582,0.386653,-0.249042,-0.217612,0.007066349298020348,0.379175,0.410425,0.006391394719911632,1.0,0.0,0.0,0.0,1.0,50.0
AspN,aspn,proteome,proximal_1_3,1.110573,0.420214,1.787266,0.402705,0.459255,0.015130827899560636,1.759716,1.823845,0.015027791747890271,0.0,0.0,1.0,0.0,0.0,50.0
AspN,aspn,proteome,distal_6_12,1.539092,0.793042,2.492719,0.755662,0.837196,0.017050114975302084,2.394201,2.492719,0.020052531299564157,0.0,1.0,0.0,0.0,0.0,50.0
AspN,aspn,observed,proximal_1_3,-0.603101,-1.563753,0.278747,-1.58655,-1.513437,0.018500923433103302,0.263916,0.341681,0.01699183010700455,1.0,0.0,0.0,1.0,0.0,50.0
AspN,aspn,observed,distal_6_12,0.009696,-1.346075,1.279257,-1.506386,-1.306264,0.03394222156064385,1.189658,1.31378,0.028487946889159822,1.0,0.0,0.0,1.0,0.0,50.0
AspN,trypsin,proteome,proximal_1_3,0.109145,-0.55249,0.700185,-0.564133,-0.503178,0.014593444302571097,0.680291,0.735781,0.013842109536424257,1.0,0.0,0.0,1.0,0.0,50.0
AspN,trypsin,proteome,distal_6_12,0.118877,-0.554927,0.863666,-0.576459,-0.504611,0.014549848878224941,0.820079,0.905347,0.01870669353146087,1.0,0.0,0.0,1.0,0.0,50.0
AspN,trypsin,observed,proximal_1_3,0.004433,-0.996352,1.023259,-1.063089,-0.938718,0.025554168110833386,0.963808,1.057162,0.02146168458416543,1.0,0.0,0.0,1.0,0.0,50.0
AspN,trypsin,observed,distal_6_12,-0.326138,-1.636847,0.814516,-1.691911,-1.550149,0.029975830929906962,0.800452,0.899453,0.023137063821655212,1.0,0.0,0.0,1.0,0.0,50.0
CT,chymotrypsin,proteome,proximal_1_3,0.493125,0.169006,0.827251,0.145067,0.177158,0.006579463030506055,0.81536,0.845054,0.00610941657443655,0.0,0.0,1.0,0.0,0.0,50.0
CT,chymotrypsin,proteome,distal_6_12,1.194978,0.796832,1.62258,0.789154,0.824824,0.007568972712869512,1.603923,1.650644,0.010810385865982229,0.0,1.0,0.0,0.0,0.0,50.0
CT,chymotrypsin,observed,proximal_1_3,-0.924155,-1.422624,-0.433242,-1.458943,-1.403722,0.009691276789916579,-0.452356,-0.409222,0.010295791871518804,0.0,0.0,1.0,0.0,0.0,50.0
CT,chymotrypsin,observed,distal_6_12,-0.170164,-0.82008,0.461267,-0.85589,-0.798829,0.012201645120529729,0.417209,0.486995,0.015910226302678694,1.0,0.0,0.0,1.0,0.0,50.0
CT,trypsin,proteome,proximal_1_3,0.405899,0.066352,0.74979,0.047962,0.083817,0.007192745907751045,0.721279,0.752864,0.007514596935434451,0.0,0.0,1.0,0.0,0.0,50.0
CT,trypsin,proteome,distal_6_12,0.333007,-0.056687,0.775246,-0.073728,-0.046608,0.006522332145195069,0.743249,0.792375,0.011075662058877063,1.0,0.0,0.0,1.0,0.0,50.0
CT,trypsin,observed,proximal_1_3,1.048727,0.55893,1.53622,0.552753,0.594569,0.009958560200743719,1.51486,1.563028,0.009942962761836401,0.0,1.0,0.0,0.0,0.0,50.0
CT,trypsin,observed,distal_6_12,0.060035,-0.536037,0.658495,-0.579047,-0.520547,0.01402052564410988,0.637652,0.704976,0.013282380165912912,1.0,0.0,0.0,1.0,0.0,50.0
GluC,gluc,proteome,proximal_1_3,0.528807,0.205962,0.835072,0.204221,0.229432,0.0063124722451117455,0.827299,0.855453,0.006282690879012312,0.0,0.0,1.0,0.0,0.0,50.0
GluC,gluc,proteome,distal_6_12,0.936028,0.570226,1.34367,0.549033,0.577816,0.0070613462584145,1.323009,1.359339,0.008824036535277842,0.0,1.0,0.0,0.0,0.0,50.0
GluC,gluc,observed,proximal_1_3,-1.767198,-2.298024,-1.283493,-2.300346,-2.263986,0.009395087007449723,-1.294201,-1.253499,0.010088997152161678,0.0,1.0,0.0,0.0,0.0,50.0
GluC,gluc,observed,distal_6_12,-0.576355,-1.207389,-0.007394,-1.227331,-1.172627,0.01318084565655941,-0.012863,0.044606,0.01237757685199081,0.92,0.0,0.08,0.92,0.0,50.0
GluC,trypsin,proteome,proximal_1_3,-0.003525,-0.347928,0.353361,-0.376647,-0.335774,0.008515664550002145,0.326072,0.36423,0.007595070443198198,1.0,0.0,0.0,0.0,1.0,50.0
GluC,trypsin,proteome,distal_6_12,0.401937,-0.035899,0.858177,-0.065441,-0.028755,0.009307137837604172,0.836619,0.886048,0.011438102043947464,1.0,0.0,0.0,1.0,0.0,50.0
GluC,trypsin,observed,proximal_1_3,0.496791,0.043082,0.978364,0.008905,0.054659,0.010641897453203061,0.940167,0.982378,0.010404865762925042,0.0,0.0,1.0,0.0,0.0,50.0
GluC,trypsin,observed,distal_6_12,-0.063958,-0.627909,0.487482,-0.670498,-0.617176,0.012930552345495214,0.465494,0.510337,0.009458499158331793,1.0,0.0,0.0,1.0,0.0,50.0
