arm,control,adjusted_arm,cam_share_hydn,cam_share_hydp_raw,cam_share_hydp_compared,adjusted_share_ci_low,adjusted_share_ci_high,difference_hydn_minus_hydp,diff_ci_low,diff_ci_high,undefined_reps,n_hydp,n_hydn,n_proteins_hydp,n_proteins_hydn,seed,cam_both,cam_neither,cam_only_with_hydroxylamine,cam_only_without_hydroxylamine,exact_binomial_p_two_sided,concordance_odds_ratio_haldane,cohen_kappa,share_of_hydp_cam_also_cam_in_hydn,interval_excludes_zero,share_of_raw_difference_remaining
Trypsin,raw,,0.32608695652173914,0.25506756756756754,0.25506756756756754,0.2384414153690729,0.27214151056316954,0.07101938895417159,0.04831914699367683,0.09489263928952679,0,5328,2024,2009,980,20263931,,,,,,,,,True,1.0
Trypsin,abundance_deciles_plus_missing,HydP,0.32608695652173914,0.25506756756756754,0.29866787246880355,0.27577907150747416,0.3215930762583236,0.027419084052935583,0.007961125481184456,0.04775154871625535,0,5328,2024,2009,980,20263932,,,,,,,,,True,0.38607885053233787
Trypsin,abundance_20bins_plus_missing,HydP,0.32608695652173914,0.25506756756756754,0.30013597031863487,0.27692007748996084,0.3240742945779957,0.025950986203104265,0.00567825541823043,0.046457445465253044,0,5328,2024,2009,980,20263933,,,,,,,,,True,0.3654070611597389
Trypsin,abundance_deciles_complete_case,HydP,0.3358090185676393,0.26053811659192827,0.3039557235298763,0.2799671363021513,0.32832496523652455,0.03185329503776296,0.010440206676379972,0.05281230058843826,0,4460,1885,1540,874,20263934,,,,,,,,,True,0.4485154759402072
Trypsin,reverse_hydn_std_to_hydp_deciles,HydN,0.2617527934880205,0.25506756756756754,0.25506756756756754,0.2379378512326009,0.2858280702358666,0.006685225920452953,-0.014689730716216407,0.028301910653487465,0,5328,2024,2009,980,20263935,,,,,,,,,False,0.09413240551487835
Trypsin,protein_matched,,0.3359662980516061,0.29020217729393466,0.29020217729393466,0.2672448347753762,0.3136427597705769,0.045764120757671445,0.024818313836948592,0.06697950953344908,0,3215,1899,878,878,20263936,,,,,,,,,True,0.6443891088277706
Trypsin,protein_matched_protein_equal,,0.3162881660302269,0.30716133370371773,0.30716133370371773,0.28254464734239965,0.3316318282859686,0.009126832326509182,-0.010128327826952267,0.028293039832146014,0,3215,1899,878,878,20263937,,,,,,,,,False,0.12851183966675178
Trypsin,cysteine_matched,,0.3503112620260328,0.400679117147708,0.400679117147708,0.3692390979370435,0.4321218593397914,-0.05036785512167519,-0.07079123362098584,-0.02973741233945312,0,1767,1767,831,831,20263938,538.0,978.0,170.0,81.0,1.998026490974033e-08,37.91966968317651,0.6979394608068488,0.7598870056497176,True,-0.7092127356119226
Trypsin,cysteine_matched_single_cys_peptides,,0.3617153511497825,0.41143567433188316,0.41143567433188316,0.3801740992219881,0.4430406477985869,-0.04972032318210068,-0.0708129794880077,-0.02867480131139836,0,1609,1609,811,811,20263939,507.0,872.0,155.0,75.0,1.4353161386899873e-07,37.7158706160431,0.6993813300753517,0.7658610271903323,True,-0.7000950573396925
AspN,raw,,0.13636363636363635,0.6149732620320856,0.6149732620320856,0.5426796834457707,0.6836172604635075,-0.4786096256684492,-0.6194614965833146,-0.31666542711432216,0,187,22,142,18,20263940,,,,,,,,,True,1.0
AspN,abundance_deciles_plus_missing,HydP,0.13636363636363635,0.6149732620320856,0.49823236855475383,0.2872641969379884,0.6891902912180277,-0.3618687321911175,-0.5768558601891934,-0.15639825382231326,531,187,22,142,18,20263941,,,,,,,,,True,0.7560832728462454
AspN,abundance_20bins_plus_missing,HydP,0.13636363636363635,0.6149732620320856,0.45921711989365266,0.24817959183673471,0.7054979112159965,-0.3228534835300163,-0.587493745079952,-0.13356376876118342,1655,187,22,142,18,20263942,,,,,,,,,True,0.6745653789956765
AspN,abundance_deciles_complete_case,HydP,0.2,0.6875,0.6443210541272191,0.3775752829042303,0.846851785215795,-0.44432105412721906,-0.7250011522738793,-0.16034278266536356,447,160,15,118,12,20263943,,,,,,,,,True,0.9283579566680442
AspN,reverse_hydn_std_to_hydp_deciles,HydN,,0.6149732620320856,0.6149732620320856,,,,,,5000,187,22,142,18,20263944,,,,,,,,,False,
AspN,protein_matched,,0.3333333333333333,0.7647058823529411,0.7647058823529411,0.5333333333333333,0.9285714285714286,-0.4313725490196078,-0.6644736842105263,-0.2222222222222222,0,17,9,8,8,20263945,,,,,,,,,True,0.9013035381750464
AspN,protein_matched_protein_equal,,0.3125,0.6770833333333333,0.6770833333333333,0.375,0.9270833333333334,-0.36458333333333326,-0.6875,-0.09375,0,17,9,8,8,20263946,,,,,,,,,True,0.7617551210428304
AspN,cysteine_matched,,0.375,0.75,0.75,0.42857142857142855,1.0,-0.375,-0.6666666666666667,-0.125,0,8,8,7,7,20263947,3.0,2.0,3.0,0.0,0.25,5.0,0.3333333333333333,0.5,True,0.7835195530726257
AspN,cysteine_matched_single_cys_peptides,,0.375,0.75,0.75,0.42857142857142855,1.0,-0.375,-0.7142857142857142,-0.125,0,8,8,7,7,20263948,3.0,2.0,3.0,0.0,0.25,5.0,0.3333333333333333,0.5,True,0.7835195530726257
CT,raw,,0.3770491803278688,0.5645604395604396,0.5645604395604396,0.5211673355174714,0.6060229387420668,-0.18751125923257073,-0.3245673259271968,-0.03609737452813827,0,728,61,474,47,20263949,,,,,,,,,True,1.0
CT,abundance_deciles_plus_missing,HydP,0.3770491803278688,0.5645604395604396,0.533208832582149,0.4609719254514381,0.6016514814889504,-0.1561596522542802,-0.2851873526379483,-0.0191977350817471,0,728,61,474,47,20263950,,,,,,,,,True,0.8328014695938603
CT,abundance_20bins_plus_missing,HydP,0.3770491803278688,0.5645604395604396,0.5392701316424781,0.4592529748063529,0.6186799016450558,-0.16222095131460923,-0.2963661032168779,-0.022617399756813587,22,728,61,474,47,20263951,,,,,,,,,True,0.8651264568246867
CT,abundance_deciles_complete_case,HydP,0.40476190476190477,0.6040609137055838,0.5961116117290612,0.5143074855936776,0.6695768842909703,-0.19134970696715647,-0.3417810461050697,-0.03726630668154003,0,591,42,378,35,20263952,,,,,,,,,True,1.0204704920136285
CT,reverse_hydn_std_to_hydp_deciles,HydN,,0.5645604395604396,0.5645604395604396,,,,,,5000,728,61,474,47,20263953,,,,,,,,,False,
CT,protein_matched,,0.46511627906976744,0.6753246753246753,0.6753246753246753,0.5230769230769231,0.797752808988764,-0.2102083962549079,-0.33145755341274336,-0.08043693056078727,0,77,43,36,36,20263954,,,,,,,,,True,1.1210441288444757
CT,protein_matched_protein_equal,,0.4583333333333333,0.5745370370370371,0.5745370370370371,0.41944444444444445,0.7180555555555556,-0.11620370370370375,-0.2551041666666667,0.017604166666666508,0,77,43,36,36,20263955,,,,,,,,,False,0.6197158729523329
CT,cysteine_matched,,0.4878048780487805,0.6341463414634146,0.6341463414634146,0.4634146341463415,0.7948717948717948,-0.14634146341463417,-0.2820512820512821,-0.024984756097561112,0,41,41,35,35,20263956,19.0,14.0,7.0,1.0,0.0703125,25.133333333333333,0.6122931442080379,0.7307692307692307,True,0.780440939992443
CT,cysteine_matched_single_cys_peptides,,0.5142857142857142,0.6857142857142857,0.6857142857142857,0.5151515151515151,0.8378378378378378,-0.17142857142857149,-0.32352941176470584,-0.029390756302521213,0,35,35,32,32,20263957,17.0,10.0,7.0,1.0,0.0703125,16.333333333333332,0.537953795379538,0.7083333333333334,True,0.9142308154197192
GluC,raw,,0.5,0.5871040723981901,0.5871040723981901,0.5466790451698589,0.6269856415848782,-0.08710407239819007,-0.2123017947690583,0.0458632575726864,0,884,68,516,48,20263958,,,,,,,,,False,1.0
GluC,abundance_deciles_plus_missing,HydP,0.5,0.5871040723981901,0.6385312793766195,0.5587231840502312,0.7099250337773461,-0.13853127937661947,-0.2693436585901566,0.0017677984715797916,0,884,68,516,48,20263959,,,,,,,,,False,1.590411051544566
GluC,abundance_20bins_plus_missing,HydP,0.5,0.5871040723981901,0.6395740518602773,0.5580151894277343,0.7112277487390336,-0.13957405186027727,-0.26877827484284234,0.006170076963245161,0,884,68,516,48,20263960,,,,,,,,,False,1.602382621356949
GluC,abundance_deciles_complete_case,HydP,0.5263157894736842,0.6132665832290363,0.6959155407217462,0.6316936709497871,0.7553331115905069,-0.16959975124806204,-0.3003188451906238,-0.027949163050187353,0,799,57,453,40,20263961,,,,,,,,,True,1.9470932480946337
GluC,reverse_hydn_std_to_hydp_deciles,HydN,,0.5871040723981901,0.5871040723981901,,,,,,5000,884,68,516,48,20263962,,,,,,,,,False,
GluC,protein_matched,,0.5423728813559322,0.7361111111111112,0.7361111111111112,0.643936799501868,0.8129617201760978,-0.19373822975517896,-0.30657593844531283,-0.07545289091266828,0,144,59,41,41,20263963,,,,,,,,,True,2.22421552082569
GluC,protein_matched_protein_equal,,0.532520325203252,0.681498853450073,0.681498853450073,0.5652371273712737,0.7903708046695852,-0.148978528246821,-0.2546862622472378,-0.05046747967479677,0,144,59,41,41,20263964,,,,,,,,,True,1.7103508957167497
GluC,cysteine_matched,,0.5614035087719298,0.7543859649122807,0.7543859649122807,0.6393181025462157,0.8518518518518519,-0.19298245614035092,-0.30508474576271183,-0.07688679245283067,0,57,57,40,40,20263965,31.0,13.0,12.0,1.0,0.00341796875,22.68,0.5134602757715034,0.7209302325581395,True,2.2155388471177946
GluC,cysteine_matched_single_cys_peptides,,0.5454545454545454,0.7454545454545455,0.7454545454545455,0.6274509803921569,0.8437673611111108,-0.20000000000000007,-0.31428571428571433,-0.07843137254901955,0,55,55,39,39,20263966,29.0,13.0,12.0,1.0,0.00341796875,21.24,0.5051903114186852,0.7073170731707317,True,2.2961038961038964
