own,trypsin,difference,ci95_low,ci95_high,ci975_low,ci975_high,share_reps_le_0,n_pos,n_bg,arm,design,seed
1.5390921864835643,0.11887739585191982,1.4202147906316445,0.4792391556017148,2.4486837208458905,0.31825690573081183,2.5766323253336063,0.0032,115,1634,AspN,stored_unstratified,31040000
1.958304087930707,-0.35638488216850295,2.31468897009921,0.59794632547708,4.139055005775252,0.3317140893910922,4.41435457562081,0.0056,51,258,AspN,in_trypsin_hydn_matched,31040001
1.1250077782520351,-0.09085916740445003,1.2158669456564852,0.05975327600048566,2.5131642546151944,-0.08929169354120403,2.689001802063524,0.0196,64,1376,AspN,not_in_trypsin_hydn_matched,31040002
0.7957267758379436,-1.8876565501484655,2.683383325986409,-1.1514523872750815,6.756475305153261,-1.7282145915885905,7.243287915882915,0.0732,8,275,AspN,strict_pooled_in_own_stratum,31040003
1.194978016561772,0.3330067003087685,0.8619713162530036,0.35342858747674477,1.3605390583208097,0.2831571235913405,1.4357206277922618,0.0,410,6203,CT,stored_unstratified,31040004
1.450301119480289,-0.36349644070478754,1.8137975601850767,0.7190833898945093,2.7298909381764456,0.5103725914020529,2.8408188287529965,0.0014,146,650,CT,in_trypsin_hydn_matched,31040005
1.2552552965724388,0.15062084263434006,1.1046344539380988,0.4362665800707263,1.780355750148576,0.33328808167419405,1.8833279527876374,0.0008,264,5553,CT,not_in_trypsin_hydn_matched,31040006
1.2802741564946634,-0.7948225579296295,2.075096714424293,0.4076240246172853,3.5897540125103116,0.07576805734431563,3.8201716936065586,0.0102,50,681,CT,strict_pooled_in_own_stratum,31040007
0.9360284442976929,0.40193722828009876,0.5340912160175941,0.053956420854265476,1.0501630310272365,-0.016163343297497294,1.1225485887057176,0.0144,517,6522,GluC,stored_unstratified,31040008
1.125509552904298,-0.25742578963728385,1.3829353425415818,0.29056886234735924,2.3512545040398938,0.16262314685186602,2.472741698661912,0.006,192,706,GluC,in_trypsin_hydn_matched,31040009
0.8983968197533447,0.24891245521117192,0.6494843645421728,0.13424610133115883,1.1966452109597447,0.06766239303459685,1.2725096428390967,0.0046,325,5816,GluC,not_in_trypsin_hydn_matched,31040010
1.487853564564782,-0.10483387898851677,1.5926874435532987,0.14437336003240758,3.107759124581055,-0.08281060997110609,3.302828987505979,0.0164,72,728,GluC,strict_pooled_in_own_stratum,31040011
