base,pair,tertile,n_discordant,cam_A_only,share_A_only,ratio_min,ratio_max
unfiltered,trypsin_with_vs_without_hydroxylamine,1,90,50,0.5555555555555556,0.5,1.2
unfiltered,trypsin_with_vs_without_hydroxylamine,2,97,66,0.6804123711340206,1.25,2.0
unfiltered,trypsin_with_vs_without_hydroxylamine,3,64,54,0.84375,2.1333333333333333,17.0
unfiltered,trypsin_vs_AspN,1,19,8,0.42105263157894735,0.8333333333333334,2.0
unfiltered,trypsin_vs_AspN,2,5,2,0.4,2.5,3.0
unfiltered,trypsin_vs_AspN,3,12,5,0.4166666666666667,3.5,10.0
unfiltered,trypsin_vs_CT,1,39,13,0.3333333333333333,0.5,1.6666666666666667
unfiltered,trypsin_vs_CT,2,37,11,0.2972972972972973,2.0,3.4
unfiltered,trypsin_vs_CT,3,37,12,0.32432432432432434,4.0,13.0
unfiltered,trypsin_vs_GluC,1,57,17,0.2982456140350877,0.3333333333333333,1.5
unfiltered,trypsin_vs_GluC,2,60,22,0.36666666666666664,1.6666666666666667,3.0
unfiltered,trypsin_vs_GluC,3,39,9,0.23076923076923078,3.3333333333333335,15.0
filtered,trypsin_with_vs_without_hydroxylamine,1,90,50,0.5555555555555556,0.5,1.2
filtered,trypsin_with_vs_without_hydroxylamine,2,97,66,0.6804123711340206,1.25,2.0
filtered,trypsin_with_vs_without_hydroxylamine,3,64,54,0.84375,2.1333333333333333,17.0
filtered,trypsin_vs_AspN,1,19,8,0.42105263157894735,0.8333333333333334,2.0
filtered,trypsin_vs_AspN,2,5,2,0.4,2.5,3.0
filtered,trypsin_vs_AspN,3,12,5,0.4166666666666667,3.5,10.0
filtered,trypsin_vs_CT,1,39,13,0.3333333333333333,0.5,1.6666666666666667
filtered,trypsin_vs_CT,2,37,11,0.2972972972972973,2.0,3.4
filtered,trypsin_vs_CT,3,37,12,0.32432432432432434,4.0,13.0
filtered,trypsin_vs_GluC,1,57,17,0.2982456140350877,0.3333333333333333,1.5
filtered,trypsin_vs_GluC,2,60,22,0.36666666666666664,1.6666666666666667,3.0
filtered,trypsin_vs_GluC,3,39,9,0.23076923076923078,3.3333333333333335,15.0
