arm,rule,background,quantity,in_stored_figure,stored_estimate,stored_ci_low,stored_ci_high,stored_status,stored_n_positive,stored_n_background,stored_n_clusters,new_estimate,new_ci_low,new_ci_high,new_status,new_n_positive,new_n_background,new_n_clusters,native_estimate,native_ci_low,native_ci_high,native_status,native_n_positive,native_n_background,native_n_clusters,v010_estimate,v010_ci_low,v010_ci_high,v010_status,v010_n_positive,v010_n_background,v010_n_clusters,delta_estimate,delta_native_estimate,v010_minus_new_estimate,delta_ci_low,delta_native_ci_low,v010_minus_new_ci_low,delta_ci_high,delta_native_ci_high,v010_minus_new_ci_high,stored_excludes_zero,new_excludes_zero,same_zero_conclusion,same_status
Trypsin,trypsin,proteome,proximal_1_3,True,-0.108607,-0.285308,0.068814,PASS,1359.0,28543.0,2009.0,-0.110085,-0.29021,0.067838,PASS,1354,28148,1991,-0.110085,-0.29021,0.067838,PASS,1354.0,28148.0,1991.0,-0.110085,-0.29021,0.067838,PASS,1354.0,28148.0,1991.0,-0.001478000000000007,-0.001478000000000007,0.0,-0.0049020000000000175,-0.0049020000000000175,0.0,-0.0009760000000000046,-0.0009760000000000046,0.0,False,False,True,True
Trypsin,trypsin,proteome,distal_6_12,True,0.972971,0.711516,1.275616,FAIL,1359.0,28543.0,2009.0,0.980103,0.719034,1.266243,FAIL,1354,28148,1991,0.980103,0.719034,1.266243,FAIL,1354.0,28148.0,1991.0,0.980103,0.719034,1.266243,FAIL,1354.0,28148.0,1991.0,0.007131999999999916,0.007131999999999916,0.0,0.007517999999999914,0.007517999999999914,0.0,-0.009373000000000076,-0.009373000000000076,0.0,True,True,True,True
Trypsin,trypsin,observed,proximal_1_3,True,-0.694908,-0.8951,-0.494816,WARNING,1359.0,3969.0,2009.0,-0.704331,-0.904197,-0.506363,FAIL,1354,3939,1991,-0.704331,-0.904197,-0.506363,FAIL,1354.0,3939.0,1991.0,-0.704331,-0.904197,-0.506363,FAIL,1354.0,3939.0,1991.0,-0.00942300000000007,-0.00942300000000007,0.0,-0.009097000000000022,-0.009097000000000022,0.0,-0.01154700000000003,-0.01154700000000003,0.0,True,True,True,False
Trypsin,trypsin,observed,distal_6_12,True,0.060834,-0.235279,0.380768,PASS,1359.0,3969.0,2009.0,0.07048,-0.233582,0.386653,PASS,1354,3939,1991,0.07048,-0.233582,0.386653,PASS,1354.0,3939.0,1991.0,0.07048,-0.233582,0.386653,PASS,1354.0,3939.0,1991.0,0.009646000000000002,0.009646000000000002,0.0,0.0016969999999999763,0.0016969999999999763,0.0,0.005885000000000029,0.005885000000000029,0.0,False,False,True,True
Trypsin,trypsin,observed,coincidence,True,0.255068,0.238042,0.272426,PASS,1359.0,5328.0,2009.0,0.25581,0.239048,0.273272,PASS,1354,5293,1991,0.255068,0.238042,0.272426,PASS,1359.0,5328.0,2009.0,0.25581,0.239048,0.273272,PASS,1354.0,5293.0,1991.0,0.0007419999999999649,0.0,0.0,0.0010060000000000069,0.0,0.0,0.0008460000000000134,0.0,0.0,,,,
AspN,aspn,proteome,proximal_1_3,True,1.110573,0.420214,1.787266,WARNING,115.0,1634.0,142.0,1.110573,0.420214,1.787266,WARNING,115,1634,142,1.110573,0.420214,1.787266,WARNING,115.0,1634.0,142.0,1.110573,0.420214,1.787266,WARNING,115.0,1634.0,142.0,0.0,0.0,0.0,0.0,0.0,0.0,0.0,0.0,0.0,True,True,True,True
AspN,aspn,proteome,distal_6_12,True,1.539092,0.793042,2.492719,FAIL,115.0,1634.0,142.0,1.539092,0.793042,2.492719,FAIL,115,1634,142,1.539092,0.793042,2.492719,FAIL,115.0,1634.0,142.0,1.539092,0.793042,2.492719,FAIL,115.0,1634.0,142.0,0.0,0.0,0.0,0.0,0.0,0.0,0.0,0.0,0.0,True,True,True,True
AspN,aspn,observed,proximal_1_3,True,-0.603101,-1.563753,0.278747,UNDECIDABLE,115.0,72.0,142.0,-0.603101,-1.563753,0.278747,UNDECIDABLE,115,72,142,-0.603101,-1.563753,0.278747,UNDECIDABLE,115.0,72.0,142.0,-0.603101,-1.563753,0.278747,UNDECIDABLE,115.0,72.0,142.0,0.0,0.0,0.0,0.0,0.0,0.0,0.0,0.0,0.0,False,False,True,True
AspN,aspn,observed,distal_6_12,True,0.009696,-1.346075,1.279257,UNDECIDABLE,115.0,72.0,142.0,0.009696,-1.346075,1.279257,UNDECIDABLE,115,72,142,0.009696,-1.346075,1.279257,UNDECIDABLE,115.0,72.0,142.0,0.009696,-1.346075,1.279257,UNDECIDABLE,115.0,72.0,142.0,0.0,0.0,0.0,0.0,0.0,0.0,0.0,0.0,0.0,False,False,True,True
AspN,aspn,observed,coincidence,True,0.614973,0.540533,0.685992,WARNING,115.0,187.0,142.0,0.614973,0.540533,0.685992,WARNING,115,187,142,0.614973,0.540533,0.685992,WARNING,115.0,187.0,142.0,0.614973,0.540533,0.685992,WARNING,115.0,187.0,142.0,0.0,0.0,0.0,0.0,0.0,0.0,0.0,0.0,0.0,,,,
AspN,trypsin,proteome,proximal_1_3,True,0.109145,-0.55249,0.700185,UNDECIDABLE,115.0,1634.0,142.0,0.109145,-0.55249,0.700185,UNDECIDABLE,115,1634,142,0.109145,-0.55249,0.700185,UNDECIDABLE,115.0,1634.0,142.0,0.109145,-0.55249,0.700185,UNDECIDABLE,115.0,1634.0,142.0,0.0,0.0,0.0,0.0,0.0,0.0,0.0,0.0,0.0,False,False,True,True
AspN,trypsin,proteome,distal_6_12,True,0.118877,-0.554927,0.863666,UNDECIDABLE,115.0,1634.0,142.0,0.118877,-0.554927,0.863666,UNDECIDABLE,115,1634,142,0.118877,-0.554927,0.863666,UNDECIDABLE,115.0,1634.0,142.0,0.118877,-0.554927,0.863666,UNDECIDABLE,115.0,1634.0,142.0,0.0,0.0,0.0,0.0,0.0,0.0,0.0,0.0,0.0,False,False,True,True
AspN,trypsin,observed,proximal_1_3,False,,,,,,,,0.004433,-0.996352,1.023259,UNDECIDABLE,115,72,142,,,,,,,,,,,,,,,,,,,,,,,,,,,
AspN,trypsin,observed,distal_6_12,False,,,,,,,,-0.326138,-1.636847,0.814516,UNDECIDABLE,115,72,142,,,,,,,,,,,,,,,,,,,,,,,,,,,
CT,chymotrypsin,proteome,proximal_1_3,True,0.50446,0.174646,0.849023,WARNING,411.0,6231.0,474.0,0.493125,0.169006,0.827251,WARNING,410,6203,471,0.493125,0.169006,0.827251,WARNING,410.0,6203.0,471.0,0.493125,0.169006,0.827251,WARNING,410.0,6203.0,471.0,-0.01133500000000004,-0.01133500000000004,0.0,-0.005640000000000006,-0.005640000000000006,0.0,-0.021772000000000014,-0.021772000000000014,0.0,True,True,True,True
CT,chymotrypsin,proteome,distal_6_12,True,1.194606,0.801952,1.63019,FAIL,411.0,6231.0,474.0,1.194978,0.796832,1.62258,FAIL,410,6203,471,1.194978,0.796832,1.62258,FAIL,410.0,6203.0,471.0,1.194978,0.796832,1.62258,FAIL,410.0,6203.0,471.0,0.00037200000000003897,0.00037200000000003897,0.0,-0.005120000000000013,-0.005120000000000013,0.0,-0.007610000000000117,-0.007610000000000117,0.0,True,True,True,True
CT,chymotrypsin,observed,proximal_1_3,True,-0.898437,-1.40473,-0.410929,WARNING,411.0,317.0,474.0,-0.924155,-1.422624,-0.433242,WARNING,410,314,471,-0.924155,-1.422624,-0.433242,WARNING,410.0,314.0,471.0,-0.924155,-1.422624,-0.433242,WARNING,410.0,314.0,471.0,-0.025717999999999908,-0.025717999999999908,0.0,-0.017894000000000077,-0.017894000000000077,0.0,-0.022313000000000027,-0.022313000000000027,0.0,True,True,True,True
CT,chymotrypsin,observed,distal_6_12,True,-0.182265,-0.847299,0.430168,UNDECIDABLE,411.0,317.0,474.0,-0.170164,-0.82008,0.461267,UNDECIDABLE,410,314,471,-0.170164,-0.82008,0.461267,UNDECIDABLE,410.0,314.0,471.0,-0.170164,-0.82008,0.461267,UNDECIDABLE,410.0,314.0,471.0,0.012101,0.012101,0.0,0.027218999999999993,0.027218999999999993,0.0,0.031098999999999988,0.031098999999999988,0.0,False,False,True,True
CT,chymotrypsin,observed,coincidence,True,0.56456,0.522788,0.607241,WARNING,411.0,728.0,474.0,0.566298,0.525132,0.608146,WARNING,410,724,471,0.56456,0.522788,0.607241,WARNING,411.0,728.0,474.0,0.566298,0.525132,0.608146,WARNING,410.0,724.0,471.0,0.0017380000000000173,0.0,0.0,0.0023440000000000127,0.0,0.0,0.0009049999999999336,0.0,0.0,,,,
CT,trypsin,proteome,proximal_1_3,True,0.401074,0.057153,0.739983,WARNING,411.0,6231.0,474.0,0.405899,0.066352,0.74979,WARNING,410,6203,471,0.405899,0.066352,0.74979,WARNING,410.0,6203.0,471.0,0.405899,0.066352,0.74979,WARNING,410.0,6203.0,471.0,0.004825000000000024,0.004825000000000024,0.0,0.009198999999999992,0.009198999999999992,0.0,0.00980700000000001,0.00980700000000001,0.0,True,True,True,True
CT,trypsin,proteome,distal_6_12,True,0.334937,-0.065642,0.775046,UNDECIDABLE,411.0,6231.0,474.0,0.333007,-0.056687,0.775246,UNDECIDABLE,410,6203,471,0.333007,-0.056687,0.775246,UNDECIDABLE,410.0,6203.0,471.0,0.333007,-0.056687,0.775246,UNDECIDABLE,410.0,6203.0,471.0,-0.0019299999999999873,-0.0019299999999999873,0.0,0.008955000000000005,0.008955000000000005,0.0,0.00019999999999997797,0.00019999999999997797,0.0,False,False,True,True
CT,trypsin,observed,proximal_1_3,False,,,,,,,,1.048727,0.55893,1.53622,FAIL,410,314,471,,,,,,,,,,,,,,,,,,,,,,,,,,,
CT,trypsin,observed,distal_6_12,False,,,,,,,,0.060035,-0.536037,0.658495,UNDECIDABLE,410,314,471,,,,,,,,,,,,,,,,,,,,,,,,,,,
GluC,gluc,proteome,proximal_1_3,True,0.523234,0.21904,0.823891,WARNING,519.0,6580.0,516.0,0.528807,0.205962,0.835072,WARNING,517,6522,513,0.528807,0.205962,0.835072,WARNING,517.0,6522.0,513.0,0.528807,0.205962,0.835072,WARNING,517.0,6522.0,513.0,0.00557300000000005,0.00557300000000005,0.0,-0.013078000000000006,-0.013078000000000006,0.0,0.011180999999999996,0.011180999999999996,0.0,True,True,True,True
GluC,gluc,proteome,distal_6_12,True,0.944881,0.573888,1.347499,FAIL,519.0,6580.0,516.0,0.936028,0.570226,1.34367,FAIL,517,6522,513,0.936028,0.570226,1.34367,FAIL,517.0,6522.0,513.0,0.936028,0.570226,1.34367,FAIL,517.0,6522.0,513.0,-0.008853,-0.008853,0.0,-0.003661999999999943,-0.003661999999999943,0.0,-0.0038290000000000823,-0.0038290000000000823,0.0,True,True,True,True
GluC,gluc,observed,proximal_1_3,True,-1.776797,-2.297182,-1.293036,FAIL,519.0,365.0,516.0,-1.767198,-2.298024,-1.283493,FAIL,517,363,513,-1.767198,-2.298024,-1.283493,FAIL,517.0,363.0,513.0,-1.767198,-2.298024,-1.283493,FAIL,517.0,363.0,513.0,0.009598999999999913,0.009598999999999913,0.0,-0.0008420000000000094,-0.0008420000000000094,0.0,0.00954300000000008,0.00954300000000008,0.0,True,True,True,True
GluC,gluc,observed,distal_6_12,True,-0.550606,-1.186751,0.04365,UNDECIDABLE,519.0,365.0,516.0,-0.576355,-1.207389,-0.007394,WARNING,517,363,513,-0.576355,-1.207389,-0.007394,WARNING,517.0,363.0,513.0,-0.576355,-1.207389,-0.007394,WARNING,517.0,363.0,513.0,-0.02574899999999991,-0.02574899999999991,0.0,-0.020638000000000156,-0.020638000000000156,0.0,-0.051044,-0.051044,0.0,False,True,False,False
GluC,gluc,observed,coincidence,True,0.587104,0.547189,0.625432,WARNING,519.0,884.0,516.0,0.5875,0.547461,0.624609,WARNING,517,880,513,0.587104,0.547189,0.625432,WARNING,519.0,884.0,516.0,0.5875,0.547461,0.624609,WARNING,517.0,880.0,513.0,0.00039600000000006297,0.0,0.0,0.00027199999999993896,0.0,0.0,-0.0008230000000000182,0.0,0.0,,,,
GluC,trypsin,proteome,proximal_1_3,True,-0.008047,-0.351532,0.332582,PASS,519.0,6580.0,516.0,-0.003525,-0.347928,0.353361,PASS,517,6522,513,-0.003525,-0.347928,0.353361,PASS,517.0,6522.0,513.0,-0.003525,-0.347928,0.353361,PASS,517.0,6522.0,513.0,0.004522,0.004522,0.0,0.003603999999999996,0.003603999999999996,0.0,0.020778999999999992,0.020778999999999992,0.0,False,False,True,True
GluC,trypsin,proteome,distal_6_12,True,0.383989,-0.064028,0.846555,UNDECIDABLE,519.0,6580.0,516.0,0.401937,-0.035899,0.858177,UNDECIDABLE,517,6522,513,0.401937,-0.035899,0.858177,UNDECIDABLE,517.0,6522.0,513.0,0.401937,-0.035899,0.858177,UNDECIDABLE,517.0,6522.0,513.0,0.017947999999999964,0.017947999999999964,0.0,0.028129,0.028129,0.0,0.011622000000000021,0.011622000000000021,0.0,False,False,True,True
GluC,trypsin,observed,proximal_1_3,False,,,,,,,,0.496791,0.043082,0.978364,WARNING,517,363,513,,,,,,,,,,,,,,,,,,,,,,,,,,,
GluC,trypsin,observed,distal_6_12,False,,,,,,,,-0.063958,-0.627909,0.487482,UNDECIDABLE,517,363,513,,,,,,,,,,,,,,,,,,,,,,,,,,,
