dataset_id,cohort_label,negative_set,usable,exclusion_reason,n_positive,n_negative,n_units,n_units_with_positive,grouping_unit,n_units_both_classes,frac_units_both_classes,n_units_positive_only,n_units_negative_only,frac_units_negative_only,VIS10_auc_global,VIS10_auc_global_lo,VIS10_auc_global_hi,VIS10_auc_within,VIS10_auc_within_lo,VIS10_auc_within_hi,DIG25_auc_global,DIG25_auc_global_lo,DIG25_auc_global_hi,DIG25_auc_within,DIG25_auc_within_lo,DIG25_auc_within_hi,CPL15_auc_global,CPL15_auc_global_lo,CPL15_auc_global_hi,CPL15_auc_within,CPL15_auc_within_lo,CPL15_auc_within_hi,share_global_stored,share_global_lo_stored,share_global_hi_stored,share_global_recomputed_from_rounded_aucs,share_abs_deviation,share_rounding_bound,share_recomputation_within_rounding,dig25_global_minus_0.5,vis10_global_minus_0.5,dig25_minus_vis10_global,dig25_minus_vis10_within,complement_ratio_global_point,complement_ratio_within_point,share_within_point,share_within_denominator,global_minus_within_VIS10,global_minus_within_DIG25,global_minus_within_CPL15,share_plus_complement_global_point,share_interval_conditional_on_floor,approx_frac_replicates_below_floor_normal
qtrp_S1_ph5,QTRP S1 pH5 (human),NEG_A,1,,277,2056,201,201,homology_component_where_available,195.0,0.9701492537313433,6.0,0.0,0.0,0.855,0.8347,0.8738,0.8818,0.8569,0.9024,0.9276,0.914,0.9406,0.9426,0.9285,0.9557,0.91,0.8951,0.9246,0.9207,0.9054,0.9359,0.8302,0.79,0.8692,0.8302151543498597,1.5154349859658467e-05,0.00026403521861174115,True,0.4276,0.355,0.0726,0.060799999999999965,0.9588400374181479,0.9505196565747853,0.8626299141436964,0.4426,-0.026800000000000046,-0.015000000000000013,-0.010699999999999932,1.7890551917680075,False,0.0
qtrp_S1_ph5,QTRP S1 pH5 (human),NEG_B,1,,277,1158,922,201,homology_component_where_available,99.0,0.10737527114967461,102.0,721.0,0.7819956616052061,0.571,0.5281,0.6127,0.6198,0.5275,0.7083,0.6617,0.6304,0.6916,0.7919,0.7289,0.8473,0.6326,0.5979,0.6657,0.7051,0.6247,0.7768,0.4393,0.1745,0.7048,0.43908472479901034,0.0002152752009896841,0.0004951236389727553,True,0.16169999999999995,0.07099999999999995,0.0907,0.17210000000000003,0.820037105751392,0.7026378896882491,0.4104145255224392,0.29190000000000005,-0.048800000000000066,-0.1302000000000001,-0.0724999999999999,1.2591218305504024,False,5.629723197766281e-20
qtrp_S2_ph5,QTRP S2 pH5 (human),NEG_A,1,,80,391,56,56,homology_component_where_available,53.0,0.9464285714285714,3.0,0.0,0.0,0.6385,0.5624,0.7158,0.6647,0.5614,0.7572,0.7323,0.6745,0.7883,0.7246,0.6193,0.819,0.7334,0.6762,0.7885,0.7146,0.6023,0.8135,0.5963,0.3129,0.8758,0.5962117950925526,8.820490744743115e-05,0.00039364086008453756,True,0.23229999999999995,0.13849999999999996,0.0938,0.059900000000000064,1.0047352561343095,0.9554764024933214,0.7333036509349953,0.22460000000000002,-0.0262,0.007699999999999929,0.01880000000000004,1.600947051226862,False,1.3078128226568137e-13
qtrp_S2_ph5,QTRP S2 pH5 (human),NEG_B,1,,80,1105,765,56,homology_component_where_available,33.0,0.043137254901960784,23.0,709.0,0.9267973856209151,0.4329,0.3668,0.4985,0.4186,0.2836,0.5769,0.574,0.5073,0.6379,0.5349,0.4,0.6753,0.5937,0.5279,0.6578,0.5698,0.4474,0.6824,-0.9075,-3.4536,-0.0047,-0.9067567567567573,0.0007432432432427083,0.001339220254737322,True,0.07399999999999995,-0.06709999999999999,0.14109999999999995,0.11630000000000001,1.2662162162162172,1.999999999999997,-2.3323782234956982,0.03490000000000004,0.01429999999999998,0.03909999999999991,0.023900000000000032,0.3594594594594599,True,0.05253057151219082
qpers_sid_tierB,qPerS-SID tier B (human),NEG_A,1,,724,4057,504,504,homology_component_where_available,481.0,0.9543650793650794,23.0,0.0,0.0,0.7905,0.7753,0.8053,0.8053,0.7845,0.8266,0.8818,0.8692,0.8932,0.8708,0.8558,0.8854,0.8639,0.8516,0.876,0.8498,0.8333,0.867,0.761,0.7254,0.7955,0.7608695652173912,0.00013043478260876817,0.00028063124626288014,True,0.38180000000000003,0.2905,0.09130000000000005,0.0655,0.9531168150864326,0.9433656957928802,0.8233549083063646,0.3708,-0.014800000000000035,0.01100000000000001,0.014100000000000001,1.7139863803038238,False,0.0
qpers_sid_tierB,qPerS-SID tier B (human),NEG_B,1,,724,1294,1072,504,homology_component_where_available,256.0,0.23880597014925373,248.0,568.0,0.5298507462686567,0.6182,0.5918,0.6437,0.6476,0.5988,0.7001,0.7005,0.6755,0.7244,0.7317,0.6959,0.7671,0.6684,0.6423,0.6932,0.7062,0.6637,0.7479,0.5895,0.4735,0.7065,0.5895261845386532,2.6184538653217793e-05,0.0004464894448835743,True,0.2005,0.11819999999999997,0.08230000000000004,0.08410000000000006,0.8399002493765585,0.8899438929650412,0.6370306430729389,0.23170000000000002,-0.02939999999999998,-0.031200000000000006,-0.037800000000000056,1.4294264339152116,False,9.47446073650134e-48
cysboost2019_human_sno_hela,Cys-BOOST HeLa (human),NEG_A,1,,8184,38843,3541,3541,homology_component_where_available,3340.0,0.9432363739056764,201.0,0.0,0.0,0.7376,0.7319,0.7437,0.7616,0.7541,0.7691,0.8146,0.8076,0.8212,0.8075,0.8004,0.8145,0.7859,0.7783,0.7932,0.7623,0.7544,0.7706,0.7555,0.7351,0.7773,0.7552447552447554,0.0002552447552445214,0.0003290088626997145,True,0.3146,0.23760000000000003,0.07699999999999996,0.04589999999999994,0.9087730451366817,0.8530081300813007,0.8507317073170734,0.3075,-0.02400000000000002,0.007099999999999995,0.023600000000000065,1.664017800381437,False,0.0
cysboost2019_human_sno_hela,Cys-BOOST HeLa (human),NEG_B,1,,8184,15457,6276,3541,homology_component_where_available,2640.0,0.42065009560229444,901.0,2735.0,0.43578712555768007,0.5303,0.5225,0.5381,0.5464,0.5333,0.56,0.6079,0.5979,0.6177,0.6339,0.6204,0.6471,0.5977,0.5875,0.6077,0.6133,0.5997,0.6268,0.281,0.2105,0.3528,0.2808155699721964,0.00018443002780360596,0.000643794886403376,True,0.1079,0.030299999999999994,0.0776,0.08750000000000002,0.9054680259499538,0.8461538461538457,0.3465272591486183,0.13390000000000002,-0.016100000000000003,-0.026000000000000023,-0.015599999999999947,1.1862835959221503,False,3.97632869900277e-68
cysboost2019_human_sno_shsy5y,Cys-BOOST SH-SY5Y (human),NEG_A,1,,2134,15474,1405,1405,homology_component_where_available,1358.0,0.9665480427046264,47.0,0.0,0.0,0.711,0.7002,0.722,0.7279,0.712,0.743,0.7957,0.7848,0.8062,0.7482,0.7314,0.7631,0.7727,0.761,0.7841,0.7124,0.6953,0.7285,0.7137,0.6784,0.7495,0.7135610415962124,0.0001389584037876368,0.000339795542295912,True,0.29569999999999996,0.21099999999999997,0.0847,0.020299999999999985,0.9222184646601288,0.8557614826752621,0.9182111200644641,0.24819999999999998,-0.016900000000000026,0.04749999999999999,0.06030000000000002,1.6357795062563412,False,0.0
cysboost2019_human_sno_shsy5y,Cys-BOOST SH-SY5Y (human),NEG_B,1,,2134,403,1405,1405,homology_component_where_available,324.0,0.23060498220640568,1081.0,0.0,0.0,0.575,0.5475,0.6032,0.5419,0.5106,0.5772,0.9126,0.9014,0.9239,0.7369,0.697,0.77,0.9072,0.8951,0.9193,0.7306,0.689,0.7642,0.1818,0.1152,0.2497,0.1817741153659718,2.5884634028194853e-05,0.000193227986349026,True,0.41259999999999997,0.07499999999999996,0.3376,0.19499999999999995,0.9869122636936501,0.9734065006331787,0.17686787674124124,0.2369,0.03309999999999991,0.17569999999999997,0.17659999999999998,1.168686379059622,False,0.0
natcomm2023_ath_sno,FAT-switch (Arabidopsis),NEG_A,1,,1985,12541,1463,1463,protein_accession,1416.0,0.9678742310321258,47.0,0.0,0.0,0.8393,0.8308,0.8478,0.8516,0.84,0.8623,0.8873,0.8803,0.8941,0.88,0.8702,0.8892,0.8548,0.8468,0.8626,0.8399,0.8277,0.8516,0.876,0.8583,0.8929,0.876065065840434,6.506584043397545e-05,0.00029222918861716016,True,0.3873,0.33930000000000005,0.04799999999999993,0.02839999999999998,0.9160857216627938,0.8944736842105262,0.9252631578947369,0.38,-0.012299999999999978,0.007299999999999973,0.014900000000000024,1.7921507875032279,False,0.0
natcomm2023_ath_sno,FAT-switch (Arabidopsis),NEG_B,0,negatives 0 < 30,1985,0,1463,1463,protein_accession,,,,,,,,,,,,,,,,,,,,,,,,,,,,,,,,,,,,,,,,,,,,
abiotech2025_ath_sno,PAT-switch (Arabidopsis),NEG_A,1,,5736,17182,2940,2940,protein_accession,2690.0,0.9149659863945578,250.0,0.0,0.0,0.7586,0.7511,0.766,0.7849,0.7751,0.7941,0.8517,0.8452,0.8579,0.8468,0.8386,0.8545,0.8282,0.8211,0.8353,0.8162,0.8076,0.8246,0.7354,0.7157,0.7555,0.7352857549047485,0.0001142450952515972,0.0002967347867062264,True,0.3517,0.25860000000000005,0.09309999999999996,0.061899999999999955,0.9331816889394371,0.911764705882353,0.8215109573241063,0.3468,-0.02629999999999999,0.0049000000000000155,0.01200000000000001,1.6684674438441855,False,0.0
abiotech2025_ath_sno,PAT-switch (Arabidopsis),NEG_B,1,,5736,589,3170,2940,protein_accession,281.0,0.08864353312302839,2659.0,230.0,0.07255520504731862,0.6238,0.6015,0.6464,0.5639,0.5209,0.6094,0.8157,0.7939,0.8365,0.8239,0.7969,0.8489,0.793,0.7698,0.8148,0.8146,0.7854,0.8419,0.3922,0.3207,0.4647,0.39214444092492884,5.555907507115432e-05,0.0002705202662640127,True,0.3157,0.12380000000000002,0.19189999999999996,0.26,0.9280962939499526,0.9712874343933313,0.19728311207162694,0.32389999999999997,0.059900000000000064,-0.008199999999999985,-0.021599999999999953,1.3202407348748815,False,2.5101617035540076e-163
fps2020_ath_sulfenyl,YAP1C reporter (Arabidopsis),NEG_A,1,,1745,6441,1090,1090,protein_accession,978.0,0.8972477064220183,112.0,0.0,0.0,0.726,0.7128,0.739,0.752,0.7354,0.7684,0.8087,0.7939,0.8229,0.8112,0.7959,0.8256,0.7939,0.7787,0.8087,0.784,0.7678,0.7996,0.7322,0.6931,0.7736,0.732102364755426,9.7635244573957e-05,0.00033059328766483207,True,0.3087,0.22599999999999998,0.0827,0.05920000000000003,0.9520570132815033,0.9125964010282777,0.8097686375321336,0.31120000000000003,-0.026000000000000023,-0.0025000000000000577,0.00990000000000002,1.6841593780369293,False,0.0
fps2020_ath_sulfenyl,YAP1C reporter (Arabidopsis),NEG_B,1,,1745,411,1277,1090,protein_accession,149.0,0.11667971808927173,941.0,187.0,0.14643696162881753,0.7718,0.7459,0.7961,0.7647,0.7097,0.8165,0.8032,0.7781,0.8265,0.8431,0.794,0.8873,0.7981,0.7728,0.822,0.8562,0.8081,0.8984,0.8962,0.8317,0.9619,0.8964379947229552,0.00023799472295515933,0.0003627887175858879,True,0.3032,0.27180000000000004,0.031399999999999983,0.07839999999999991,0.9831794195250659,1.0381812882541532,0.7714951909064415,0.34309999999999996,0.007099999999999995,-0.039899999999999936,-0.05809999999999993,1.879617414248021,False,1.0062338761809918e-116
