dataset_id,cohort_label,in_fig5a,negative_set,feature_set,n_features,caliber,auc,auc_lo,auc_hi,interval_excludes_0.5,n_positive,n_negative,n_units,n_units_with_positive,n_units_both_classes,grouping_unit,usable,exclusion_reason,source,interval_note
abiotech2025_ath_sno,PAT-switch (Arabidopsis),1,NEG_A,VIS10,10,global,0.7586,0.7511,0.766,True,5736,17182,2940,2940,2690.0,protein_accession,1,,results/ptm_detectability_share.csv (stored; 4 decimals),"95% percentile cluster bootstrap over grouping units, 5,000 replicates, seed 20260915, out-of-fold scores not refitted per replicate"
abiotech2025_ath_sno,PAT-switch (Arabidopsis),1,NEG_A,VIS10,10,within_protein,0.7849,0.7751,0.7941,True,5736,17182,2940,2940,2690.0,protein_accession,1,,results/ptm_detectability_share.csv (stored; 4 decimals),"95% percentile cluster bootstrap over grouping units, 5,000 replicates, seed 20260915, out-of-fold scores not refitted per replicate"
abiotech2025_ath_sno,PAT-switch (Arabidopsis),1,NEG_A,DIG25,25,global,0.8517,0.8452,0.8579,True,5736,17182,2940,2940,2690.0,protein_accession,1,,results/ptm_detectability_share.csv (stored; 4 decimals),"95% percentile cluster bootstrap over grouping units, 5,000 replicates, seed 20260915, out-of-fold scores not refitted per replicate"
abiotech2025_ath_sno,PAT-switch (Arabidopsis),1,NEG_A,DIG25,25,within_protein,0.8468,0.8386,0.8545,True,5736,17182,2940,2940,2690.0,protein_accession,1,,results/ptm_detectability_share.csv (stored; 4 decimals),"95% percentile cluster bootstrap over grouping units, 5,000 replicates, seed 20260915, out-of-fold scores not refitted per replicate"
abiotech2025_ath_sno,PAT-switch (Arabidopsis),1,NEG_A,CPL15,15,global,0.8282,0.8211,0.8353,True,5736,17182,2940,2940,2690.0,protein_accession,1,,results/ptm_detectability_share.csv (stored; 4 decimals),"95% percentile cluster bootstrap over grouping units, 5,000 replicates, seed 20260915, out-of-fold scores not refitted per replicate"
abiotech2025_ath_sno,PAT-switch (Arabidopsis),1,NEG_A,CPL15,15,within_protein,0.8162,0.8076,0.8246,True,5736,17182,2940,2940,2690.0,protein_accession,1,,results/ptm_detectability_share.csv (stored; 4 decimals),"95% percentile cluster bootstrap over grouping units, 5,000 replicates, seed 20260915, out-of-fold scores not refitted per replicate"
abiotech2025_ath_sno,PAT-switch (Arabidopsis),1,NEG_B,VIS10,10,global,0.6238,0.6015,0.6464,True,5736,589,3170,2940,281.0,protein_accession,1,,results/ptm_detectability_share.csv (stored; 4 decimals),"95% percentile cluster bootstrap over grouping units, 5,000 replicates, seed 20260915, out-of-fold scores not refitted per replicate"
abiotech2025_ath_sno,PAT-switch (Arabidopsis),1,NEG_B,VIS10,10,within_protein,0.5639,0.5209,0.6094,True,5736,589,3170,2940,281.0,protein_accession,1,,results/ptm_detectability_share.csv (stored; 4 decimals),"95% percentile cluster bootstrap over grouping units, 5,000 replicates, seed 20260915, out-of-fold scores not refitted per replicate"
abiotech2025_ath_sno,PAT-switch (Arabidopsis),1,NEG_B,DIG25,25,global,0.8157,0.7939,0.8365,True,5736,589,3170,2940,281.0,protein_accession,1,,results/ptm_detectability_share.csv (stored; 4 decimals),"95% percentile cluster bootstrap over grouping units, 5,000 replicates, seed 20260915, out-of-fold scores not refitted per replicate"
abiotech2025_ath_sno,PAT-switch (Arabidopsis),1,NEG_B,DIG25,25,within_protein,0.8239,0.7969,0.8489,True,5736,589,3170,2940,281.0,protein_accession,1,,results/ptm_detectability_share.csv (stored; 4 decimals),"95% percentile cluster bootstrap over grouping units, 5,000 replicates, seed 20260915, out-of-fold scores not refitted per replicate"
abiotech2025_ath_sno,PAT-switch (Arabidopsis),1,NEG_B,CPL15,15,global,0.793,0.7698,0.8148,True,5736,589,3170,2940,281.0,protein_accession,1,,results/ptm_detectability_share.csv (stored; 4 decimals),"95% percentile cluster bootstrap over grouping units, 5,000 replicates, seed 20260915, out-of-fold scores not refitted per replicate"
abiotech2025_ath_sno,PAT-switch (Arabidopsis),1,NEG_B,CPL15,15,within_protein,0.8146,0.7854,0.8419,True,5736,589,3170,2940,281.0,protein_accession,1,,results/ptm_detectability_share.csv (stored; 4 decimals),"95% percentile cluster bootstrap over grouping units, 5,000 replicates, seed 20260915, out-of-fold scores not refitted per replicate"
cysboost2019_human_sno_hela,Cys-BOOST HeLa (human),1,NEG_A,VIS10,10,global,0.7376,0.7319,0.7437,True,8184,38843,3541,3541,3340.0,homology_component_where_available,1,,results/ptm_detectability_share.csv (stored; 4 decimals),"95% percentile cluster bootstrap over grouping units, 5,000 replicates, seed 20260915, out-of-fold scores not refitted per replicate"
cysboost2019_human_sno_hela,Cys-BOOST HeLa (human),1,NEG_A,VIS10,10,within_protein,0.7616,0.7541,0.7691,True,8184,38843,3541,3541,3340.0,homology_component_where_available,1,,results/ptm_detectability_share.csv (stored; 4 decimals),"95% percentile cluster bootstrap over grouping units, 5,000 replicates, seed 20260915, out-of-fold scores not refitted per replicate"
cysboost2019_human_sno_hela,Cys-BOOST HeLa (human),1,NEG_A,DIG25,25,global,0.8146,0.8076,0.8212,True,8184,38843,3541,3541,3340.0,homology_component_where_available,1,,results/ptm_detectability_share.csv (stored; 4 decimals),"95% percentile cluster bootstrap over grouping units, 5,000 replicates, seed 20260915, out-of-fold scores not refitted per replicate"
cysboost2019_human_sno_hela,Cys-BOOST HeLa (human),1,NEG_A,DIG25,25,within_protein,0.8075,0.8004,0.8145,True,8184,38843,3541,3541,3340.0,homology_component_where_available,1,,results/ptm_detectability_share.csv (stored; 4 decimals),"95% percentile cluster bootstrap over grouping units, 5,000 replicates, seed 20260915, out-of-fold scores not refitted per replicate"
cysboost2019_human_sno_hela,Cys-BOOST HeLa (human),1,NEG_A,CPL15,15,global,0.7859,0.7783,0.7932,True,8184,38843,3541,3541,3340.0,homology_component_where_available,1,,results/ptm_detectability_share.csv (stored; 4 decimals),"95% percentile cluster bootstrap over grouping units, 5,000 replicates, seed 20260915, out-of-fold scores not refitted per replicate"
cysboost2019_human_sno_hela,Cys-BOOST HeLa (human),1,NEG_A,CPL15,15,within_protein,0.7623,0.7544,0.7706,True,8184,38843,3541,3541,3340.0,homology_component_where_available,1,,results/ptm_detectability_share.csv (stored; 4 decimals),"95% percentile cluster bootstrap over grouping units, 5,000 replicates, seed 20260915, out-of-fold scores not refitted per replicate"
cysboost2019_human_sno_hela,Cys-BOOST HeLa (human),1,NEG_B,VIS10,10,global,0.5303,0.5225,0.5381,True,8184,15457,6276,3541,2640.0,homology_component_where_available,1,,results/ptm_detectability_share.csv (stored; 4 decimals),"95% percentile cluster bootstrap over grouping units, 5,000 replicates, seed 20260915, out-of-fold scores not refitted per replicate"
cysboost2019_human_sno_hela,Cys-BOOST HeLa (human),1,NEG_B,VIS10,10,within_protein,0.5464,0.5333,0.56,True,8184,15457,6276,3541,2640.0,homology_component_where_available,1,,results/ptm_detectability_share.csv (stored; 4 decimals),"95% percentile cluster bootstrap over grouping units, 5,000 replicates, seed 20260915, out-of-fold scores not refitted per replicate"
cysboost2019_human_sno_hela,Cys-BOOST HeLa (human),1,NEG_B,DIG25,25,global,0.6079,0.5979,0.6177,True,8184,15457,6276,3541,2640.0,homology_component_where_available,1,,results/ptm_detectability_share.csv (stored; 4 decimals),"95% percentile cluster bootstrap over grouping units, 5,000 replicates, seed 20260915, out-of-fold scores not refitted per replicate"
cysboost2019_human_sno_hela,Cys-BOOST HeLa (human),1,NEG_B,DIG25,25,within_protein,0.6339,0.6204,0.6471,True,8184,15457,6276,3541,2640.0,homology_component_where_available,1,,results/ptm_detectability_share.csv (stored; 4 decimals),"95% percentile cluster bootstrap over grouping units, 5,000 replicates, seed 20260915, out-of-fold scores not refitted per replicate"
cysboost2019_human_sno_hela,Cys-BOOST HeLa (human),1,NEG_B,CPL15,15,global,0.5977,0.5875,0.6077,True,8184,15457,6276,3541,2640.0,homology_component_where_available,1,,results/ptm_detectability_share.csv (stored; 4 decimals),"95% percentile cluster bootstrap over grouping units, 5,000 replicates, seed 20260915, out-of-fold scores not refitted per replicate"
cysboost2019_human_sno_hela,Cys-BOOST HeLa (human),1,NEG_B,CPL15,15,within_protein,0.6133,0.5997,0.6268,True,8184,15457,6276,3541,2640.0,homology_component_where_available,1,,results/ptm_detectability_share.csv (stored; 4 decimals),"95% percentile cluster bootstrap over grouping units, 5,000 replicates, seed 20260915, out-of-fold scores not refitted per replicate"
cysboost2019_human_sno_shsy5y,Cys-BOOST SH-SY5Y (human),1,NEG_A,VIS10,10,global,0.711,0.7002,0.722,True,2134,15474,1405,1405,1358.0,homology_component_where_available,1,,results/ptm_detectability_share.csv (stored; 4 decimals),"95% percentile cluster bootstrap over grouping units, 5,000 replicates, seed 20260915, out-of-fold scores not refitted per replicate"
cysboost2019_human_sno_shsy5y,Cys-BOOST SH-SY5Y (human),1,NEG_A,VIS10,10,within_protein,0.7279,0.712,0.743,True,2134,15474,1405,1405,1358.0,homology_component_where_available,1,,results/ptm_detectability_share.csv (stored; 4 decimals),"95% percentile cluster bootstrap over grouping units, 5,000 replicates, seed 20260915, out-of-fold scores not refitted per replicate"
cysboost2019_human_sno_shsy5y,Cys-BOOST SH-SY5Y (human),1,NEG_A,DIG25,25,global,0.7957,0.7848,0.8062,True,2134,15474,1405,1405,1358.0,homology_component_where_available,1,,results/ptm_detectability_share.csv (stored; 4 decimals),"95% percentile cluster bootstrap over grouping units, 5,000 replicates, seed 20260915, out-of-fold scores not refitted per replicate"
cysboost2019_human_sno_shsy5y,Cys-BOOST SH-SY5Y (human),1,NEG_A,DIG25,25,within_protein,0.7482,0.7314,0.7631,True,2134,15474,1405,1405,1358.0,homology_component_where_available,1,,results/ptm_detectability_share.csv (stored; 4 decimals),"95% percentile cluster bootstrap over grouping units, 5,000 replicates, seed 20260915, out-of-fold scores not refitted per replicate"
cysboost2019_human_sno_shsy5y,Cys-BOOST SH-SY5Y (human),1,NEG_A,CPL15,15,global,0.7727,0.761,0.7841,True,2134,15474,1405,1405,1358.0,homology_component_where_available,1,,results/ptm_detectability_share.csv (stored; 4 decimals),"95% percentile cluster bootstrap over grouping units, 5,000 replicates, seed 20260915, out-of-fold scores not refitted per replicate"
cysboost2019_human_sno_shsy5y,Cys-BOOST SH-SY5Y (human),1,NEG_A,CPL15,15,within_protein,0.7124,0.6953,0.7285,True,2134,15474,1405,1405,1358.0,homology_component_where_available,1,,results/ptm_detectability_share.csv (stored; 4 decimals),"95% percentile cluster bootstrap over grouping units, 5,000 replicates, seed 20260915, out-of-fold scores not refitted per replicate"
cysboost2019_human_sno_shsy5y,Cys-BOOST SH-SY5Y (human),1,NEG_B,VIS10,10,global,0.575,0.5475,0.6032,True,2134,403,1405,1405,324.0,homology_component_where_available,1,,results/ptm_detectability_share.csv (stored; 4 decimals),"95% percentile cluster bootstrap over grouping units, 5,000 replicates, seed 20260915, out-of-fold scores not refitted per replicate"
cysboost2019_human_sno_shsy5y,Cys-BOOST SH-SY5Y (human),1,NEG_B,VIS10,10,within_protein,0.5419,0.5106,0.5772,True,2134,403,1405,1405,324.0,homology_component_where_available,1,,results/ptm_detectability_share.csv (stored; 4 decimals),"95% percentile cluster bootstrap over grouping units, 5,000 replicates, seed 20260915, out-of-fold scores not refitted per replicate"
cysboost2019_human_sno_shsy5y,Cys-BOOST SH-SY5Y (human),1,NEG_B,DIG25,25,global,0.9126,0.9014,0.9239,True,2134,403,1405,1405,324.0,homology_component_where_available,1,,results/ptm_detectability_share.csv (stored; 4 decimals),"95% percentile cluster bootstrap over grouping units, 5,000 replicates, seed 20260915, out-of-fold scores not refitted per replicate"
cysboost2019_human_sno_shsy5y,Cys-BOOST SH-SY5Y (human),1,NEG_B,DIG25,25,within_protein,0.7369,0.697,0.77,True,2134,403,1405,1405,324.0,homology_component_where_available,1,,results/ptm_detectability_share.csv (stored; 4 decimals),"95% percentile cluster bootstrap over grouping units, 5,000 replicates, seed 20260915, out-of-fold scores not refitted per replicate"
cysboost2019_human_sno_shsy5y,Cys-BOOST SH-SY5Y (human),1,NEG_B,CPL15,15,global,0.9072,0.8951,0.9193,True,2134,403,1405,1405,324.0,homology_component_where_available,1,,results/ptm_detectability_share.csv (stored; 4 decimals),"95% percentile cluster bootstrap over grouping units, 5,000 replicates, seed 20260915, out-of-fold scores not refitted per replicate"
cysboost2019_human_sno_shsy5y,Cys-BOOST SH-SY5Y (human),1,NEG_B,CPL15,15,within_protein,0.7306,0.689,0.7642,True,2134,403,1405,1405,324.0,homology_component_where_available,1,,results/ptm_detectability_share.csv (stored; 4 decimals),"95% percentile cluster bootstrap over grouping units, 5,000 replicates, seed 20260915, out-of-fold scores not refitted per replicate"
fps2020_ath_sulfenyl,YAP1C reporter (Arabidopsis),1,NEG_A,VIS10,10,global,0.726,0.7128,0.739,True,1745,6441,1090,1090,978.0,protein_accession,1,,results/ptm_detectability_share.csv (stored; 4 decimals),"95% percentile cluster bootstrap over grouping units, 5,000 replicates, seed 20260915, out-of-fold scores not refitted per replicate"
fps2020_ath_sulfenyl,YAP1C reporter (Arabidopsis),1,NEG_A,VIS10,10,within_protein,0.752,0.7354,0.7684,True,1745,6441,1090,1090,978.0,protein_accession,1,,results/ptm_detectability_share.csv (stored; 4 decimals),"95% percentile cluster bootstrap over grouping units, 5,000 replicates, seed 20260915, out-of-fold scores not refitted per replicate"
fps2020_ath_sulfenyl,YAP1C reporter (Arabidopsis),1,NEG_A,DIG25,25,global,0.8087,0.7939,0.8229,True,1745,6441,1090,1090,978.0,protein_accession,1,,results/ptm_detectability_share.csv (stored; 4 decimals),"95% percentile cluster bootstrap over grouping units, 5,000 replicates, seed 20260915, out-of-fold scores not refitted per replicate"
fps2020_ath_sulfenyl,YAP1C reporter (Arabidopsis),1,NEG_A,DIG25,25,within_protein,0.8112,0.7959,0.8256,True,1745,6441,1090,1090,978.0,protein_accession,1,,results/ptm_detectability_share.csv (stored; 4 decimals),"95% percentile cluster bootstrap over grouping units, 5,000 replicates, seed 20260915, out-of-fold scores not refitted per replicate"
fps2020_ath_sulfenyl,YAP1C reporter (Arabidopsis),1,NEG_A,CPL15,15,global,0.7939,0.7787,0.8087,True,1745,6441,1090,1090,978.0,protein_accession,1,,results/ptm_detectability_share.csv (stored; 4 decimals),"95% percentile cluster bootstrap over grouping units, 5,000 replicates, seed 20260915, out-of-fold scores not refitted per replicate"
fps2020_ath_sulfenyl,YAP1C reporter (Arabidopsis),1,NEG_A,CPL15,15,within_protein,0.784,0.7678,0.7996,True,1745,6441,1090,1090,978.0,protein_accession,1,,results/ptm_detectability_share.csv (stored; 4 decimals),"95% percentile cluster bootstrap over grouping units, 5,000 replicates, seed 20260915, out-of-fold scores not refitted per replicate"
fps2020_ath_sulfenyl,YAP1C reporter (Arabidopsis),1,NEG_B,VIS10,10,global,0.7718,0.7459,0.7961,True,1745,411,1277,1090,149.0,protein_accession,1,,results/ptm_detectability_share.csv (stored; 4 decimals),"95% percentile cluster bootstrap over grouping units, 5,000 replicates, seed 20260915, out-of-fold scores not refitted per replicate"
fps2020_ath_sulfenyl,YAP1C reporter (Arabidopsis),1,NEG_B,VIS10,10,within_protein,0.7647,0.7097,0.8165,True,1745,411,1277,1090,149.0,protein_accession,1,,results/ptm_detectability_share.csv (stored; 4 decimals),"95% percentile cluster bootstrap over grouping units, 5,000 replicates, seed 20260915, out-of-fold scores not refitted per replicate"
fps2020_ath_sulfenyl,YAP1C reporter (Arabidopsis),1,NEG_B,DIG25,25,global,0.8032,0.7781,0.8265,True,1745,411,1277,1090,149.0,protein_accession,1,,results/ptm_detectability_share.csv (stored; 4 decimals),"95% percentile cluster bootstrap over grouping units, 5,000 replicates, seed 20260915, out-of-fold scores not refitted per replicate"
fps2020_ath_sulfenyl,YAP1C reporter (Arabidopsis),1,NEG_B,DIG25,25,within_protein,0.8431,0.794,0.8873,True,1745,411,1277,1090,149.0,protein_accession,1,,results/ptm_detectability_share.csv (stored; 4 decimals),"95% percentile cluster bootstrap over grouping units, 5,000 replicates, seed 20260915, out-of-fold scores not refitted per replicate"
fps2020_ath_sulfenyl,YAP1C reporter (Arabidopsis),1,NEG_B,CPL15,15,global,0.7981,0.7728,0.822,True,1745,411,1277,1090,149.0,protein_accession,1,,results/ptm_detectability_share.csv (stored; 4 decimals),"95% percentile cluster bootstrap over grouping units, 5,000 replicates, seed 20260915, out-of-fold scores not refitted per replicate"
fps2020_ath_sulfenyl,YAP1C reporter (Arabidopsis),1,NEG_B,CPL15,15,within_protein,0.8562,0.8081,0.8984,True,1745,411,1277,1090,149.0,protein_accession,1,,results/ptm_detectability_share.csv (stored; 4 decimals),"95% percentile cluster bootstrap over grouping units, 5,000 replicates, seed 20260915, out-of-fold scores not refitted per replicate"
natcomm2023_ath_sno,FAT-switch (Arabidopsis),1,NEG_A,VIS10,10,global,0.8393,0.8308,0.8478,True,1985,12541,1463,1463,1416.0,protein_accession,1,,results/ptm_detectability_share.csv (stored; 4 decimals),"95% percentile cluster bootstrap over grouping units, 5,000 replicates, seed 20260915, out-of-fold scores not refitted per replicate"
natcomm2023_ath_sno,FAT-switch (Arabidopsis),1,NEG_A,VIS10,10,within_protein,0.8516,0.84,0.8623,True,1985,12541,1463,1463,1416.0,protein_accession,1,,results/ptm_detectability_share.csv (stored; 4 decimals),"95% percentile cluster bootstrap over grouping units, 5,000 replicates, seed 20260915, out-of-fold scores not refitted per replicate"
natcomm2023_ath_sno,FAT-switch (Arabidopsis),1,NEG_A,DIG25,25,global,0.8873,0.8803,0.8941,True,1985,12541,1463,1463,1416.0,protein_accession,1,,results/ptm_detectability_share.csv (stored; 4 decimals),"95% percentile cluster bootstrap over grouping units, 5,000 replicates, seed 20260915, out-of-fold scores not refitted per replicate"
natcomm2023_ath_sno,FAT-switch (Arabidopsis),1,NEG_A,DIG25,25,within_protein,0.88,0.8702,0.8892,True,1985,12541,1463,1463,1416.0,protein_accession,1,,results/ptm_detectability_share.csv (stored; 4 decimals),"95% percentile cluster bootstrap over grouping units, 5,000 replicates, seed 20260915, out-of-fold scores not refitted per replicate"
natcomm2023_ath_sno,FAT-switch (Arabidopsis),1,NEG_A,CPL15,15,global,0.8548,0.8468,0.8626,True,1985,12541,1463,1463,1416.0,protein_accession,1,,results/ptm_detectability_share.csv (stored; 4 decimals),"95% percentile cluster bootstrap over grouping units, 5,000 replicates, seed 20260915, out-of-fold scores not refitted per replicate"
natcomm2023_ath_sno,FAT-switch (Arabidopsis),1,NEG_A,CPL15,15,within_protein,0.8399,0.8277,0.8516,True,1985,12541,1463,1463,1416.0,protein_accession,1,,results/ptm_detectability_share.csv (stored; 4 decimals),"95% percentile cluster bootstrap over grouping units, 5,000 replicates, seed 20260915, out-of-fold scores not refitted per replicate"
natcomm2023_ath_sno,FAT-switch (Arabidopsis),1,NEG_B,VIS10,10,global,,,,,1985,0,1463,1463,,protein_accession,0,negatives 0 < 30,results/ptm_detectability_share.csv (stored; 4 decimals),
natcomm2023_ath_sno,FAT-switch (Arabidopsis),1,NEG_B,VIS10,10,within_protein,,,,,1985,0,1463,1463,,protein_accession,0,negatives 0 < 30,results/ptm_detectability_share.csv (stored; 4 decimals),
natcomm2023_ath_sno,FAT-switch (Arabidopsis),1,NEG_B,DIG25,25,global,,,,,1985,0,1463,1463,,protein_accession,0,negatives 0 < 30,results/ptm_detectability_share.csv (stored; 4 decimals),
natcomm2023_ath_sno,FAT-switch (Arabidopsis),1,NEG_B,DIG25,25,within_protein,,,,,1985,0,1463,1463,,protein_accession,0,negatives 0 < 30,results/ptm_detectability_share.csv (stored; 4 decimals),
natcomm2023_ath_sno,FAT-switch (Arabidopsis),1,NEG_B,CPL15,15,global,,,,,1985,0,1463,1463,,protein_accession,0,negatives 0 < 30,results/ptm_detectability_share.csv (stored; 4 decimals),
natcomm2023_ath_sno,FAT-switch (Arabidopsis),1,NEG_B,CPL15,15,within_protein,,,,,1985,0,1463,1463,,protein_accession,0,negatives 0 < 30,results/ptm_detectability_share.csv (stored; 4 decimals),
qpers_sid_tierB,qPerS-SID tier B (human),1,NEG_A,VIS10,10,global,0.7905,0.7753,0.8053,True,724,4057,504,504,481.0,homology_component_where_available,1,,results/ptm_detectability_share.csv (stored; 4 decimals),"95% percentile cluster bootstrap over grouping units, 5,000 replicates, seed 20260915, out-of-fold scores not refitted per replicate"
qpers_sid_tierB,qPerS-SID tier B (human),1,NEG_A,VIS10,10,within_protein,0.8053,0.7845,0.8266,True,724,4057,504,504,481.0,homology_component_where_available,1,,results/ptm_detectability_share.csv (stored; 4 decimals),"95% percentile cluster bootstrap over grouping units, 5,000 replicates, seed 20260915, out-of-fold scores not refitted per replicate"
qpers_sid_tierB,qPerS-SID tier B (human),1,NEG_A,DIG25,25,global,0.8818,0.8692,0.8932,True,724,4057,504,504,481.0,homology_component_where_available,1,,results/ptm_detectability_share.csv (stored; 4 decimals),"95% percentile cluster bootstrap over grouping units, 5,000 replicates, seed 20260915, out-of-fold scores not refitted per replicate"
qpers_sid_tierB,qPerS-SID tier B (human),1,NEG_A,DIG25,25,within_protein,0.8708,0.8558,0.8854,True,724,4057,504,504,481.0,homology_component_where_available,1,,results/ptm_detectability_share.csv (stored; 4 decimals),"95% percentile cluster bootstrap over grouping units, 5,000 replicates, seed 20260915, out-of-fold scores not refitted per replicate"
qpers_sid_tierB,qPerS-SID tier B (human),1,NEG_A,CPL15,15,global,0.8639,0.8516,0.876,True,724,4057,504,504,481.0,homology_component_where_available,1,,results/ptm_detectability_share.csv (stored; 4 decimals),"95% percentile cluster bootstrap over grouping units, 5,000 replicates, seed 20260915, out-of-fold scores not refitted per replicate"
qpers_sid_tierB,qPerS-SID tier B (human),1,NEG_A,CPL15,15,within_protein,0.8498,0.8333,0.867,True,724,4057,504,504,481.0,homology_component_where_available,1,,results/ptm_detectability_share.csv (stored; 4 decimals),"95% percentile cluster bootstrap over grouping units, 5,000 replicates, seed 20260915, out-of-fold scores not refitted per replicate"
qpers_sid_tierB,qPerS-SID tier B (human),1,NEG_B,VIS10,10,global,0.6182,0.5918,0.6437,True,724,1294,1072,504,256.0,homology_component_where_available,1,,results/ptm_detectability_share.csv (stored; 4 decimals),"95% percentile cluster bootstrap over grouping units, 5,000 replicates, seed 20260915, out-of-fold scores not refitted per replicate"
qpers_sid_tierB,qPerS-SID tier B (human),1,NEG_B,VIS10,10,within_protein,0.6476,0.5988,0.7001,True,724,1294,1072,504,256.0,homology_component_where_available,1,,results/ptm_detectability_share.csv (stored; 4 decimals),"95% percentile cluster bootstrap over grouping units, 5,000 replicates, seed 20260915, out-of-fold scores not refitted per replicate"
qpers_sid_tierB,qPerS-SID tier B (human),1,NEG_B,DIG25,25,global,0.7005,0.6755,0.7244,True,724,1294,1072,504,256.0,homology_component_where_available,1,,results/ptm_detectability_share.csv (stored; 4 decimals),"95% percentile cluster bootstrap over grouping units, 5,000 replicates, seed 20260915, out-of-fold scores not refitted per replicate"
qpers_sid_tierB,qPerS-SID tier B (human),1,NEG_B,DIG25,25,within_protein,0.7317,0.6959,0.7671,True,724,1294,1072,504,256.0,homology_component_where_available,1,,results/ptm_detectability_share.csv (stored; 4 decimals),"95% percentile cluster bootstrap over grouping units, 5,000 replicates, seed 20260915, out-of-fold scores not refitted per replicate"
qpers_sid_tierB,qPerS-SID tier B (human),1,NEG_B,CPL15,15,global,0.6684,0.6423,0.6932,True,724,1294,1072,504,256.0,homology_component_where_available,1,,results/ptm_detectability_share.csv (stored; 4 decimals),"95% percentile cluster bootstrap over grouping units, 5,000 replicates, seed 20260915, out-of-fold scores not refitted per replicate"
qpers_sid_tierB,qPerS-SID tier B (human),1,NEG_B,CPL15,15,within_protein,0.7062,0.6637,0.7479,True,724,1294,1072,504,256.0,homology_component_where_available,1,,results/ptm_detectability_share.csv (stored; 4 decimals),"95% percentile cluster bootstrap over grouping units, 5,000 replicates, seed 20260915, out-of-fold scores not refitted per replicate"
qtrp_S1_ph5,QTRP S1 pH5 (human),1,NEG_A,VIS10,10,global,0.855,0.8347,0.8738,True,277,2056,201,201,195.0,homology_component_where_available,1,,results/ptm_detectability_share.csv (stored; 4 decimals),"95% percentile cluster bootstrap over grouping units, 5,000 replicates, seed 20260915, out-of-fold scores not refitted per replicate"
qtrp_S1_ph5,QTRP S1 pH5 (human),1,NEG_A,VIS10,10,within_protein,0.8818,0.8569,0.9024,True,277,2056,201,201,195.0,homology_component_where_available,1,,results/ptm_detectability_share.csv (stored; 4 decimals),"95% percentile cluster bootstrap over grouping units, 5,000 replicates, seed 20260915, out-of-fold scores not refitted per replicate"
qtrp_S1_ph5,QTRP S1 pH5 (human),1,NEG_A,DIG25,25,global,0.9276,0.914,0.9406,True,277,2056,201,201,195.0,homology_component_where_available,1,,results/ptm_detectability_share.csv (stored; 4 decimals),"95% percentile cluster bootstrap over grouping units, 5,000 replicates, seed 20260915, out-of-fold scores not refitted per replicate"
qtrp_S1_ph5,QTRP S1 pH5 (human),1,NEG_A,DIG25,25,within_protein,0.9426,0.9285,0.9557,True,277,2056,201,201,195.0,homology_component_where_available,1,,results/ptm_detectability_share.csv (stored; 4 decimals),"95% percentile cluster bootstrap over grouping units, 5,000 replicates, seed 20260915, out-of-fold scores not refitted per replicate"
qtrp_S1_ph5,QTRP S1 pH5 (human),1,NEG_A,CPL15,15,global,0.91,0.8951,0.9246,True,277,2056,201,201,195.0,homology_component_where_available,1,,results/ptm_detectability_share.csv (stored; 4 decimals),"95% percentile cluster bootstrap over grouping units, 5,000 replicates, seed 20260915, out-of-fold scores not refitted per replicate"
qtrp_S1_ph5,QTRP S1 pH5 (human),1,NEG_A,CPL15,15,within_protein,0.9207,0.9054,0.9359,True,277,2056,201,201,195.0,homology_component_where_available,1,,results/ptm_detectability_share.csv (stored; 4 decimals),"95% percentile cluster bootstrap over grouping units, 5,000 replicates, seed 20260915, out-of-fold scores not refitted per replicate"
qtrp_S1_ph5,QTRP S1 pH5 (human),1,NEG_B,VIS10,10,global,0.571,0.5281,0.6127,True,277,1158,922,201,99.0,homology_component_where_available,1,,results/ptm_detectability_share.csv (stored; 4 decimals),"95% percentile cluster bootstrap over grouping units, 5,000 replicates, seed 20260915, out-of-fold scores not refitted per replicate"
qtrp_S1_ph5,QTRP S1 pH5 (human),1,NEG_B,VIS10,10,within_protein,0.6198,0.5275,0.7083,True,277,1158,922,201,99.0,homology_component_where_available,1,,results/ptm_detectability_share.csv (stored; 4 decimals),"95% percentile cluster bootstrap over grouping units, 5,000 replicates, seed 20260915, out-of-fold scores not refitted per replicate"
qtrp_S1_ph5,QTRP S1 pH5 (human),1,NEG_B,DIG25,25,global,0.6617,0.6304,0.6916,True,277,1158,922,201,99.0,homology_component_where_available,1,,results/ptm_detectability_share.csv (stored; 4 decimals),"95% percentile cluster bootstrap over grouping units, 5,000 replicates, seed 20260915, out-of-fold scores not refitted per replicate"
qtrp_S1_ph5,QTRP S1 pH5 (human),1,NEG_B,DIG25,25,within_protein,0.7919,0.7289,0.8473,True,277,1158,922,201,99.0,homology_component_where_available,1,,results/ptm_detectability_share.csv (stored; 4 decimals),"95% percentile cluster bootstrap over grouping units, 5,000 replicates, seed 20260915, out-of-fold scores not refitted per replicate"
qtrp_S1_ph5,QTRP S1 pH5 (human),1,NEG_B,CPL15,15,global,0.6326,0.5979,0.6657,True,277,1158,922,201,99.0,homology_component_where_available,1,,results/ptm_detectability_share.csv (stored; 4 decimals),"95% percentile cluster bootstrap over grouping units, 5,000 replicates, seed 20260915, out-of-fold scores not refitted per replicate"
qtrp_S1_ph5,QTRP S1 pH5 (human),1,NEG_B,CPL15,15,within_protein,0.7051,0.6247,0.7768,True,277,1158,922,201,99.0,homology_component_where_available,1,,results/ptm_detectability_share.csv (stored; 4 decimals),"95% percentile cluster bootstrap over grouping units, 5,000 replicates, seed 20260915, out-of-fold scores not refitted per replicate"
qtrp_S2_ph5,QTRP S2 pH5 (human),1,NEG_A,VIS10,10,global,0.6385,0.5624,0.7158,True,80,391,56,56,53.0,homology_component_where_available,1,,results/ptm_detectability_share.csv (stored; 4 decimals),"95% percentile cluster bootstrap over grouping units, 5,000 replicates, seed 20260915, out-of-fold scores not refitted per replicate"
qtrp_S2_ph5,QTRP S2 pH5 (human),1,NEG_A,VIS10,10,within_protein,0.6647,0.5614,0.7572,True,80,391,56,56,53.0,homology_component_where_available,1,,results/ptm_detectability_share.csv (stored; 4 decimals),"95% percentile cluster bootstrap over grouping units, 5,000 replicates, seed 20260915, out-of-fold scores not refitted per replicate"
qtrp_S2_ph5,QTRP S2 pH5 (human),1,NEG_A,DIG25,25,global,0.7323,0.6745,0.7883,True,80,391,56,56,53.0,homology_component_where_available,1,,results/ptm_detectability_share.csv (stored; 4 decimals),"95% percentile cluster bootstrap over grouping units, 5,000 replicates, seed 20260915, out-of-fold scores not refitted per replicate"
qtrp_S2_ph5,QTRP S2 pH5 (human),1,NEG_A,DIG25,25,within_protein,0.7246,0.6193,0.819,True,80,391,56,56,53.0,homology_component_where_available,1,,results/ptm_detectability_share.csv (stored; 4 decimals),"95% percentile cluster bootstrap over grouping units, 5,000 replicates, seed 20260915, out-of-fold scores not refitted per replicate"
qtrp_S2_ph5,QTRP S2 pH5 (human),1,NEG_A,CPL15,15,global,0.7334,0.6762,0.7885,True,80,391,56,56,53.0,homology_component_where_available,1,,results/ptm_detectability_share.csv (stored; 4 decimals),"95% percentile cluster bootstrap over grouping units, 5,000 replicates, seed 20260915, out-of-fold scores not refitted per replicate"
qtrp_S2_ph5,QTRP S2 pH5 (human),1,NEG_A,CPL15,15,within_protein,0.7146,0.6023,0.8135,True,80,391,56,56,53.0,homology_component_where_available,1,,results/ptm_detectability_share.csv (stored; 4 decimals),"95% percentile cluster bootstrap over grouping units, 5,000 replicates, seed 20260915, out-of-fold scores not refitted per replicate"
qtrp_S2_ph5,QTRP S2 pH5 (human),1,NEG_B,VIS10,10,global,0.4329,0.3668,0.4985,True,80,1105,765,56,33.0,homology_component_where_available,1,,results/ptm_detectability_share.csv (stored; 4 decimals),"95% percentile cluster bootstrap over grouping units, 5,000 replicates, seed 20260915, out-of-fold scores not refitted per replicate"
qtrp_S2_ph5,QTRP S2 pH5 (human),1,NEG_B,VIS10,10,within_protein,0.4186,0.2836,0.5769,False,80,1105,765,56,33.0,homology_component_where_available,1,,results/ptm_detectability_share.csv (stored; 4 decimals),"95% percentile cluster bootstrap over grouping units, 5,000 replicates, seed 20260915, out-of-fold scores not refitted per replicate"
qtrp_S2_ph5,QTRP S2 pH5 (human),1,NEG_B,DIG25,25,global,0.574,0.5073,0.6379,True,80,1105,765,56,33.0,homology_component_where_available,1,,results/ptm_detectability_share.csv (stored; 4 decimals),"95% percentile cluster bootstrap over grouping units, 5,000 replicates, seed 20260915, out-of-fold scores not refitted per replicate"
qtrp_S2_ph5,QTRP S2 pH5 (human),1,NEG_B,DIG25,25,within_protein,0.5349,0.4,0.6753,False,80,1105,765,56,33.0,homology_component_where_available,1,,results/ptm_detectability_share.csv (stored; 4 decimals),"95% percentile cluster bootstrap over grouping units, 5,000 replicates, seed 20260915, out-of-fold scores not refitted per replicate"
qtrp_S2_ph5,QTRP S2 pH5 (human),1,NEG_B,CPL15,15,global,0.5937,0.5279,0.6578,True,80,1105,765,56,33.0,homology_component_where_available,1,,results/ptm_detectability_share.csv (stored; 4 decimals),"95% percentile cluster bootstrap over grouping units, 5,000 replicates, seed 20260915, out-of-fold scores not refitted per replicate"
qtrp_S2_ph5,QTRP S2 pH5 (human),1,NEG_B,CPL15,15,within_protein,0.5698,0.4474,0.6824,False,80,1105,765,56,33.0,homology_component_where_available,1,,results/ptm_detectability_share.csv (stored; 4 decimals),"95% percentile cluster bootstrap over grouping units, 5,000 replicates, seed 20260915, out-of-fold scores not refitted per replicate"
