cohort,member,arm,primary_reading,k_distal_in_top100,log2_or,ci_low,ci_high,reference,f_labelled_in_top100,ref_mean_k,ref_k_q025,ref_k_q975,ref_log2_or_q025,ref_log2_or_q975,P_K_ge_k_obs,position_vs_reference_range,stored_ci_overlaps_reference_log2_or_range
human_PXD044043,lgb_rank,control,1,93,1.7343,0.8724,3.1774,no association,,79.0111488124091,71,87,-0.6388444945173737,0.7877874223549013,0.00011576083576201168,above,0
human_PXD044043,lgb_rank,control,1,93,1.7343,0.8724,3.1774,"label inheritance, 100 of 100 labelled",1.0,89.73799126637556,84,95,0.44653775645396965,2.2132207791273517,0.17878800273371928,within,1
human_PXD044043,lgb_rank,control,1,93,1.7343,0.8724,3.1774,"label inheritance, 90 of 100 labelled",0.9,88.44142669478,82,94,0.24597992790658516,1.9565566161962908,0.09218470383696489,within,1
human_PXD044043,lgb_rank,control,1,93,1.7343,0.8724,3.1774,"label inheritance, 80 of 100 labelled",0.8,87.14486212318442,80,93,0.061534236233621455,1.7342880263062512,0.04369880795115755,at upper limit,1
human_PXD044043,lgb_rank,control,1,93,1.7343,0.8724,3.1774,"label inheritance, 70 of 100 labelled",0.7,85.84829755158884,79,92,-0.02568342869994913,1.5377329446774293,0.0192630975981761,above,1
human_PXD044043,lgb_rank,control,1,93,1.7343,0.8724,3.1774,"label inheritance, 50 of 100 labelled",0.5,83.25516840839772,76,90,-0.2710371423399778,1.2004028507052162,0.0031230752253298085,above,1
human_PXD044043,lgb_rank,drop_w710,1,95,2.2132,1.2516,4.1207,no association,,79.0111488124091,71,87,-0.6388444945173737,0.7877874223549013,6.901671182208661e-06,above,0
human_PXD044043,lgb_rank,drop_w710,1,95,2.2132,1.2516,4.1207,"label inheritance, 100 of 100 labelled",1.0,89.73799126637556,84,95,0.44653775645396965,2.2132207791273517,0.04636771777852703,at upper limit,1
human_PXD044043,lgb_rank,drop_w710,1,95,2.2132,1.2516,4.1207,"label inheritance, 90 of 100 labelled",0.9,88.44142669478,82,94,0.24597992790658516,1.9565566161962908,0.018996712668374435,above,1
human_PXD044043,lgb_rank,drop_w710,1,95,2.2132,1.2516,4.1207,"label inheritance, 80 of 100 labelled",0.8,87.14486212318442,80,93,0.061534236233621455,1.7342880263062512,0.007269425597808777,above,1
human_PXD044043,lgb_rank,drop_w710,1,95,2.2132,1.2516,4.1207,"label inheritance, 70 of 100 labelled",0.7,85.84829755158884,79,92,-0.02568342869994913,1.5377329446774293,0.002626187524793686,above,1
human_PXD044043,lgb_rank,drop_w710,1,95,2.2132,1.2516,4.1207,"label inheritance, 50 of 100 labelled",0.5,83.25516840839772,76,90,-0.2710371423399778,1.2004028507052162,0.0002976985981195614,above,0
human_PXD044043,lgb_rank,drop_all_basic,1,97,2.8961,1.8266,5.6708,no association,,79.0111488124091,71,87,-0.6388444945173737,0.7877874223549013,1.8990768981040589e-07,above,0
human_PXD044043,lgb_rank,drop_all_basic,1,97,2.8961,1.8266,5.6708,"label inheritance, 100 of 100 labelled",1.0,89.73799126637556,84,95,0.44653775645396965,2.2132207791273517,0.0057635418587875025,above,1
human_PXD044043,lgb_rank,drop_all_basic,1,97,2.8961,1.8266,5.6708,"label inheritance, 90 of 100 labelled",0.9,88.44142669478,82,94,0.24597992790658516,1.9565566161962908,0.0018466195698895202,above,1
human_PXD044043,lgb_rank,drop_all_basic,1,97,2.8961,1.8266,5.6708,"label inheritance, 80 of 100 labelled",0.8,87.14486212318442,80,93,0.061534236233621455,1.7342880263062512,0.0005647949363498322,above,0
human_PXD044043,lgb_rank,drop_all_basic,1,97,2.8961,1.8266,5.6708,"label inheritance, 70 of 100 labelled",0.7,85.84829755158884,79,92,-0.02568342869994913,1.5377329446774293,0.0001661797810077832,above,0
human_PXD044043,lgb_rank,drop_all_basic,1,97,2.8961,1.8266,5.6708,"label inheritance, 50 of 100 labelled",0.5,83.25516840839772,76,90,-0.2710371423399778,1.2004028507052162,1.3089081096564254e-05,above,0
human_PXD044043,lgb_rank,label_permuted,0,83,0.344,-0.3222,1.2049,no association,,79.0111488124091,71,87,-0.6388444945173737,0.7877874223549013,0.19684667221271288,within,1
human_PXD044043,lgb_rank,label_permuted,0,83,0.344,-0.3222,1.2049,"label inheritance, 100 of 100 labelled",1.0,89.73799126637556,84,95,0.44653775645396965,2.2132207791273517,0.9884110981635061,below,1
human_PXD044043,lgb_rank,label_permuted,0,83,0.344,-0.3222,1.2049,"label inheritance, 90 of 100 labelled",0.9,88.44142669478,82,94,0.24597992790658516,1.9565566161962908,0.9654058020061886,within,1
human_PXD044043,lgb_rank,label_permuted,0,83,0.344,-0.3222,1.2049,"label inheritance, 80 of 100 labelled",0.8,87.14486212318442,80,93,0.061534236233621455,1.7342880263062512,0.9176034757218487,within,1
human_PXD044043,lgb_rank,label_permuted,0,83,0.344,-0.3222,1.2049,"label inheritance, 70 of 100 labelled",0.7,85.84829755158884,79,92,-0.02568342869994913,1.5377329446774293,0.837412219686481,within,1
human_PXD044043,lgb_rank,label_permuted,0,83,0.344,-0.3222,1.2049,"label inheritance, 50 of 100 labelled",0.5,83.25516840839772,76,90,-0.2710371423399778,1.2004028507052162,0.5920158159744909,within,1
human_PXD044043,lgb_rank,detect_only,0,91,1.3611,0.5385,2.5604,no association,,79.0111488124091,71,87,-0.6388444945173737,0.7877874223549013,0.0010997327564669335,above,1
human_PXD044043,lgb_rank,detect_only,0,91,1.3611,0.5385,2.5604,"label inheritance, 100 of 100 labelled",1.0,89.73799126637556,84,95,0.44653775645396965,2.2132207791273517,0.4148684984202606,within,1
human_PXD044043,lgb_rank,detect_only,0,91,1.3611,0.5385,2.5604,"label inheritance, 90 of 100 labelled",0.9,88.44142669478,82,94,0.24597992790658516,1.9565566161962908,0.2630286365202984,within,1
human_PXD044043,lgb_rank,detect_only,0,91,1.3611,0.5385,2.5604,"label inheritance, 80 of 100 labelled",0.8,87.14486212318442,80,93,0.061534236233621455,1.7342880263062512,0.15215559202315834,within,1
human_PXD044043,lgb_rank,detect_only,0,91,1.3611,0.5385,2.5604,"label inheritance, 70 of 100 labelled",0.7,85.84829755158884,79,92,-0.02568342869994913,1.5377329446774293,0.08104985381214767,within,1
human_PXD044043,lgb_rank,detect_only,0,91,1.3611,0.5385,2.5604,"label inheritance, 50 of 100 labelled",0.5,83.25516840839772,76,90,-0.2710371423399778,1.2004028507052162,0.018599416204427056,above,1
human_PXD044043,lgb_rank,full,0,93,1.7343,0.8707,3.1456,no association,,79.0111488124091,71,87,-0.6388444945173737,0.7877874223549013,0.00011576083576201168,above,0
human_PXD044043,lgb_rank,full,0,93,1.7343,0.8707,3.1456,"label inheritance, 100 of 100 labelled",1.0,89.73799126637556,84,95,0.44653775645396965,2.2132207791273517,0.17878800273371928,within,1
human_PXD044043,lgb_rank,full,0,93,1.7343,0.8707,3.1456,"label inheritance, 90 of 100 labelled",0.9,88.44142669478,82,94,0.24597992790658516,1.9565566161962908,0.09218470383696489,within,1
human_PXD044043,lgb_rank,full,0,93,1.7343,0.8707,3.1456,"label inheritance, 80 of 100 labelled",0.8,87.14486212318442,80,93,0.061534236233621455,1.7342880263062512,0.04369880795115755,at upper limit,1
human_PXD044043,lgb_rank,full,0,93,1.7343,0.8707,3.1456,"label inheritance, 70 of 100 labelled",0.7,85.84829755158884,79,92,-0.02568342869994913,1.5377329446774293,0.0192630975981761,above,1
human_PXD044043,lgb_rank,full,0,93,1.7343,0.8707,3.1456,"label inheritance, 50 of 100 labelled",0.5,83.25516840839772,76,90,-0.2710371423399778,1.2004028507052162,0.0031230752253298085,above,1
human_PXD044043,blend,control,1,96,2.5182,1.4693,4.2822,no association,,79.0111488124091,71,87,-0.6388444945173737,0.7877874223549013,1.2851080456264722e-06,above,0
human_PXD044043,blend,control,1,96,2.5182,1.4693,4.2822,"label inheritance, 100 of 100 labelled",1.0,89.73799126637556,84,95,0.44653775645396965,2.2132207791273517,0.01828413789167547,above,1
human_PXD044043,blend,control,1,96,2.5182,1.4693,4.2822,"label inheritance, 90 of 100 labelled",0.9,88.44142669478,82,94,0.24597992790658516,1.9565566161962908,0.006635288310511329,above,1
human_PXD044043,blend,control,1,96,2.5182,1.4693,4.2822,"label inheritance, 80 of 100 labelled",0.8,87.14486212318442,80,93,0.061534236233621455,1.7342880263062512,0.002272278129180266,above,1
human_PXD044043,blend,control,1,96,2.5182,1.4693,4.2822,"label inheritance, 70 of 100 labelled",0.7,85.84829755158884,79,92,-0.02568342869994913,1.5377329446774293,0.0007412823430626018,above,1
human_PXD044043,blend,control,1,96,2.5182,1.4693,4.2822,"label inheritance, 50 of 100 labelled",0.5,83.25516840839772,76,90,-0.2710371423399778,1.2004028507052162,7.008534737130482e-05,above,0
human_PXD044043,blend,drop_w710,1,95,2.2132,1.2816,4.0502,no association,,79.0111488124091,71,87,-0.6388444945173737,0.7877874223549013,6.901671182208661e-06,above,0
human_PXD044043,blend,drop_w710,1,95,2.2132,1.2816,4.0502,"label inheritance, 100 of 100 labelled",1.0,89.73799126637556,84,95,0.44653775645396965,2.2132207791273517,0.04636771777852703,at upper limit,1
human_PXD044043,blend,drop_w710,1,95,2.2132,1.2816,4.0502,"label inheritance, 90 of 100 labelled",0.9,88.44142669478,82,94,0.24597992790658516,1.9565566161962908,0.018996712668374435,above,1
human_PXD044043,blend,drop_w710,1,95,2.2132,1.2816,4.0502,"label inheritance, 80 of 100 labelled",0.8,87.14486212318442,80,93,0.061534236233621455,1.7342880263062512,0.007269425597808777,above,1
human_PXD044043,blend,drop_w710,1,95,2.2132,1.2816,4.0502,"label inheritance, 70 of 100 labelled",0.7,85.84829755158884,79,92,-0.02568342869994913,1.5377329446774293,0.002626187524793686,above,1
human_PXD044043,blend,drop_w710,1,95,2.2132,1.2816,4.0502,"label inheritance, 50 of 100 labelled",0.5,83.25516840839772,76,90,-0.2710371423399778,1.2004028507052162,0.0002976985981195614,above,0
human_PXD044043,blend,drop_all_basic,1,99,4.1488,2.7769,5.9529,no association,,79.0111488124091,71,87,-0.6388444945173737,0.7877874223549013,1.517534354551045e-09,above,0
human_PXD044043,blend,drop_all_basic,1,99,4.1488,2.7769,5.9529,"label inheritance, 100 of 100 labelled",1.0,89.73799126637556,84,95,0.44653775645396965,2.2132207791273517,0.00021276636751650402,above,0
human_PXD044043,blend,drop_all_basic,1,99,4.1488,2.7769,5.9529,"label inheritance, 90 of 100 labelled",0.9,88.44142669478,82,94,0.24597992790658516,1.9565566161962908,5.272701964297152e-05,above,0
human_PXD044043,blend,drop_all_basic,1,99,4.1488,2.7769,5.9529,"label inheritance, 80 of 100 labelled",0.8,87.14486212318442,80,93,0.061534236233621455,1.7342880263062512,1.2805053202485852e-05,above,0
human_PXD044043,blend,drop_all_basic,1,99,4.1488,2.7769,5.9529,"label inheritance, 70 of 100 labelled",0.7,85.84829755158884,79,92,-0.02568342869994913,1.5377329446774293,3.0565607620207826e-06,above,0
human_PXD044043,blend,drop_all_basic,1,99,4.1488,2.7769,5.9529,"label inheritance, 50 of 100 labelled",0.5,83.25516840839772,76,90,-0.2710371423399778,1.2004028507052162,1.66701588216945e-07,above,0
human_PXD044043,blend,label_permuted,0,83,0.344,-0.3222,1.2049,no association,,79.0111488124091,71,87,-0.6388444945173737,0.7877874223549013,0.19684667221271288,within,1
human_PXD044043,blend,label_permuted,0,83,0.344,-0.3222,1.2049,"label inheritance, 100 of 100 labelled",1.0,89.73799126637556,84,95,0.44653775645396965,2.2132207791273517,0.9884110981635061,below,1
human_PXD044043,blend,label_permuted,0,83,0.344,-0.3222,1.2049,"label inheritance, 90 of 100 labelled",0.9,88.44142669478,82,94,0.24597992790658516,1.9565566161962908,0.9654058020061886,within,1
human_PXD044043,blend,label_permuted,0,83,0.344,-0.3222,1.2049,"label inheritance, 80 of 100 labelled",0.8,87.14486212318442,80,93,0.061534236233621455,1.7342880263062512,0.9176034757218487,within,1
human_PXD044043,blend,label_permuted,0,83,0.344,-0.3222,1.2049,"label inheritance, 70 of 100 labelled",0.7,85.84829755158884,79,92,-0.02568342869994913,1.5377329446774293,0.837412219686481,within,1
human_PXD044043,blend,label_permuted,0,83,0.344,-0.3222,1.2049,"label inheritance, 50 of 100 labelled",0.5,83.25516840839772,76,90,-0.2710371423399778,1.2004028507052162,0.5920158159744909,within,1
human_PXD044043,blend,detect_only,0,90,1.2004,0.4183,2.3721,no association,,79.0111488124091,71,87,-0.6388444945173737,0.7877874223549013,0.00284680405634993,above,1
human_PXD044043,blend,detect_only,0,90,1.2004,0.4183,2.3721,"label inheritance, 100 of 100 labelled",1.0,89.73799126637556,84,95,0.44653775645396965,2.2132207791273517,0.5482719312485209,within,1
human_PXD044043,blend,detect_only,0,90,1.2004,0.4183,2.3721,"label inheritance, 90 of 100 labelled",0.9,88.44142669478,82,94,0.24597992790658516,1.9565566161962908,0.38098268353342285,within,1
human_PXD044043,blend,detect_only,0,90,1.2004,0.4183,2.3721,"label inheritance, 80 of 100 labelled",0.8,87.14486212318442,80,93,0.061534236233621455,1.7342880263062512,0.24157243871235606,within,1
human_PXD044043,blend,detect_only,0,90,1.2004,0.4183,2.3721,"label inheritance, 70 of 100 labelled",0.7,85.84829755158884,79,92,-0.02568342869994913,1.5377329446774293,0.14072519020843263,within,1
human_PXD044043,blend,detect_only,0,90,1.2004,0.4183,2.3721,"label inheritance, 50 of 100 labelled",0.5,83.25516840839772,76,90,-0.2710371423399778,1.2004028507052162,0.03820173269610906,at upper limit,1
human_PXD044043,blend,full,0,97,2.8961,1.7674,5.6986,no association,,79.0111488124091,71,87,-0.6388444945173737,0.7877874223549013,1.8990768981040589e-07,above,0
human_PXD044043,blend,full,0,97,2.8961,1.7674,5.6986,"label inheritance, 100 of 100 labelled",1.0,89.73799126637556,84,95,0.44653775645396965,2.2132207791273517,0.0057635418587875025,above,1
human_PXD044043,blend,full,0,97,2.8961,1.7674,5.6986,"label inheritance, 90 of 100 labelled",0.9,88.44142669478,82,94,0.24597992790658516,1.9565566161962908,0.0018466195698895202,above,1
human_PXD044043,blend,full,0,97,2.8961,1.7674,5.6986,"label inheritance, 80 of 100 labelled",0.8,87.14486212318442,80,93,0.061534236233621455,1.7342880263062512,0.0005647949363498322,above,0
human_PXD044043,blend,full,0,97,2.8961,1.7674,5.6986,"label inheritance, 70 of 100 labelled",0.7,85.84829755158884,79,92,-0.02568342869994913,1.5377329446774293,0.0001661797810077832,above,0
human_PXD044043,blend,full,0,97,2.8961,1.7674,5.6986,"label inheritance, 50 of 100 labelled",0.5,83.25516840839772,76,90,-0.2710371423399778,1.2004028507052162,1.3089081096564254e-05,above,0
rice_PXD072089,lgb_rank,control,1,95,2.486,1.5014,4.2985,no association,,75.99920063948836,68,84,-0.599745230332337,0.7068722820669163,2.771750901696778e-07,above,0
rice_PXD072089,lgb_rank,control,1,95,2.486,1.5014,4.2985,"label inheritance, 100 of 100 labelled",1.0,84.53188602442334,78,91,0.14350900821897405,1.6293705651578403,0.0005535560317543582,above,1
rice_PXD072089,lgb_rank,control,1,95,2.486,1.5014,4.2985,"label inheritance, 90 of 100 labelled",0.9,83.53124019207709,76,90,-0.019803294093215597,1.467527837522347,0.0002543580547104014,above,0
rice_PXD072089,lgb_rank,control,1,95,2.486,1.5014,4.2985,"label inheritance, 80 of 100 labelled",0.8,82.53059435973086,75,89,-0.0981146236083582,1.31865341572664,0.00011335318387082266,above,0
rice_PXD072089,lgb_rank,control,1,95,2.486,1.5014,4.2985,"label inheritance, 70 of 100 labelled",0.7,81.52994852738459,74,89,-0.17445962187145964,1.31865341572664,4.894732404219611e-05,above,0
rice_PXD072089,lgb_rank,control,1,95,2.486,1.5014,4.2985,"label inheritance, 50 of 100 labelled",0.5,79.52865686269212,72,87,-0.3219187684123345,1.051520904932905,8.2779335938826e-06,above,0
rice_PXD072089,lgb_rank,drop_w710,1,93,2.0048,1.0923,3.4496,no association,,75.99920063948836,68,84,-0.599745230332337,0.7068722820669163,6.642182972767823e-06,above,0
rice_PXD072089,lgb_rank,drop_w710,1,93,2.0048,1.0923,3.4496,"label inheritance, 100 of 100 labelled",1.0,84.53188602442334,78,91,0.14350900821897405,1.6293705651578403,0.005717596722087089,above,1
rice_PXD072089,lgb_rank,drop_w710,1,93,2.0048,1.0923,3.4496,"label inheritance, 90 of 100 labelled",0.9,83.53124019207709,76,90,-0.019803294093215597,1.467527837522347,0.002901511151282699,above,1
rice_PXD072089,lgb_rank,drop_w710,1,93,2.0048,1.0923,3.4496,"label inheritance, 80 of 100 labelled",0.8,82.53059435973086,75,89,-0.0981146236083582,1.31865341572664,0.0014284005805636757,above,1
rice_PXD072089,lgb_rank,drop_w710,1,93,2.0048,1.0923,3.4496,"label inheritance, 70 of 100 labelled",0.7,81.52994852738459,74,89,-0.17445962187145964,1.31865341572664,0.0006815913674922034,above,1
rice_PXD072089,lgb_rank,drop_w710,1,93,2.0048,1.0923,3.4496,"label inheritance, 50 of 100 labelled",0.5,79.52865686269212,72,87,-0.3219187684123345,1.051520904932905,0.0001408872132297743,above,0
rice_PXD072089,lgb_rank,drop_all_basic,1,91,1.6294,0.7985,2.8293,no association,,75.99920063948836,68,84,-0.599745230332337,0.7068722820669163,8.950547930433886e-05,above,0
rice_PXD072089,lgb_rank,drop_all_basic,1,91,1.6294,0.7985,2.8293,"label inheritance, 100 of 100 labelled",1.0,84.53188602442334,78,91,0.14350900821897405,1.6293705651578403,0.03262103911959387,at upper limit,1
rice_PXD072089,lgb_rank,drop_all_basic,1,91,1.6294,0.7985,2.8293,"label inheritance, 90 of 100 labelled",0.9,83.53124019207709,76,90,-0.019803294093215597,1.467527837522347,0.018394876051495083,above,1
rice_PXD072089,lgb_rank,drop_all_basic,1,91,1.6294,0.7985,2.8293,"label inheritance, 80 of 100 labelled",0.8,82.53059435973086,75,89,-0.0981146236083582,1.31865341572664,0.010047137305456788,above,1
rice_PXD072089,lgb_rank,drop_all_basic,1,91,1.6294,0.7985,2.8293,"label inheritance, 70 of 100 labelled",0.7,81.52994852738459,74,89,-0.17445962187145964,1.31865341572664,0.0053134160267392745,above,1
rice_PXD072089,lgb_rank,drop_all_basic,1,91,1.6294,0.7985,2.8293,"label inheritance, 50 of 100 labelled",0.5,79.52865686269212,72,87,-0.3219187684123345,1.051520904932905,0.0013463485958708197,above,1
rice_PXD072089,lgb_rank,label_permuted,0,79,0.229,-0.4839,1.085,no association,,75.99920063948836,68,84,-0.599745230332337,0.7068722820669163,0.2815667706025136,within,1
rice_PXD072089,lgb_rank,label_permuted,0,79,0.229,-0.4839,1.085,"label inheritance, 100 of 100 labelled",1.0,84.53188602442334,78,91,0.14350900821897405,1.6293705651578403,0.9598413444430017,within,1
rice_PXD072089,lgb_rank,label_permuted,0,79,0.229,-0.4839,1.085,"label inheritance, 90 of 100 labelled",0.9,83.53124019207709,76,90,-0.019803294093215597,1.467527837522347,0.9217551687271148,within,1
rice_PXD072089,lgb_rank,label_permuted,0,79,0.229,-0.4839,1.085,"label inheritance, 80 of 100 labelled",0.8,82.53059435973086,75,89,-0.0981146236083582,1.31865341572664,0.8662873105909649,within,1
rice_PXD072089,lgb_rank,label_permuted,0,79,0.229,-0.4839,1.085,"label inheritance, 70 of 100 labelled",0.7,81.52994852738459,74,89,-0.17445962187145964,1.31865341572664,0.793785506321812,within,1
rice_PXD072089,lgb_rank,label_permuted,0,79,0.229,-0.4839,1.085,"label inheritance, 50 of 100 labelled",0.5,79.52865686269212,72,87,-0.3219187684123345,1.051520904932905,0.6110380734288738,within,1
rice_PXD072089,lgb_rank,detect_only,0,96,2.7921,1.7423,4.6079,no association,,75.99920063948836,68,84,-0.599745230332337,0.7068722820669163,4.3074766518486984e-08,above,0
rice_PXD072089,lgb_rank,detect_only,0,96,2.7921,1.7423,4.6079,"label inheritance, 100 of 100 labelled",1.0,84.53188602442334,78,91,0.14350900821897405,1.6293705651578403,0.00012991844058343952,above,0
rice_PXD072089,lgb_rank,detect_only,0,96,2.7921,1.7423,4.6079,"label inheritance, 90 of 100 labelled",0.9,83.53124019207709,76,90,-0.019803294093215597,1.467527837522347,5.696437073330028e-05,above,0
rice_PXD072089,lgb_rank,detect_only,0,96,2.7921,1.7423,4.6079,"label inheritance, 80 of 100 labelled",0.8,82.53059435973086,75,89,-0.0981146236083582,1.31865341572664,2.420136477177966e-05,above,0
rice_PXD072089,lgb_rank,detect_only,0,96,2.7921,1.7423,4.6079,"label inheritance, 70 of 100 labelled",0.7,81.52994852738459,74,89,-0.17445962187145964,1.31865341572664,9.955111063763255e-06,above,0
rice_PXD072089,lgb_rank,detect_only,0,96,2.7921,1.7423,4.6079,"label inheritance, 50 of 100 labelled",0.5,79.52865686269212,72,87,-0.3219187684123345,1.051520904932905,1.5251154675009875e-06,above,0
rice_PXD072089,lgb_rank,full,0,90,1.4675,0.6684,2.5763,no association,,75.99920063948836,68,84,-0.599745230332337,0.7068722820669163,0.0002750932483534991,above,1
rice_PXD072089,lgb_rank,full,0,90,1.4675,0.6684,2.5763,"label inheritance, 100 of 100 labelled",1.0,84.53188602442334,78,91,0.14350900821897405,1.6293705651578403,0.06496853167863326,within,1
rice_PXD072089,lgb_rank,full,0,90,1.4675,0.6684,2.5763,"label inheritance, 90 of 100 labelled",0.9,83.53124019207709,76,90,-0.019803294093215597,1.467527837522347,0.03868034669103592,at upper limit,1
rice_PXD072089,lgb_rank,full,0,90,1.4675,0.6684,2.5763,"label inheritance, 80 of 100 labelled",0.8,82.53059435973086,75,89,-0.0981146236083582,1.31865341572664,0.022278107090277683,above,1
rice_PXD072089,lgb_rank,full,0,90,1.4675,0.6684,2.5763,"label inheritance, 70 of 100 labelled",0.7,81.52994852738459,74,89,-0.17445962187145964,1.31865341572664,0.01241231705326814,above,1
rice_PXD072089,lgb_rank,full,0,90,1.4675,0.6684,2.5763,"label inheritance, 50 of 100 labelled",0.5,79.52865686269212,72,87,-0.3219187684123345,1.051520904932905,0.003484321738290849,above,1
rice_PXD072089,blend,control,1,84,0.7069,0.0199,1.5736,no association,,75.99920063948836,68,84,-0.599745230332337,0.7068722820669163,0.03394242902360345,at upper limit,1
rice_PXD072089,blend,control,1,84,0.7069,0.0199,1.5736,"label inheritance, 100 of 100 labelled",1.0,84.53188602442334,78,91,0.14350900821897405,1.6293705651578403,0.6290516185685264,within,1
rice_PXD072089,blend,control,1,84,0.7069,0.0199,1.5736,"label inheritance, 90 of 100 labelled",0.9,83.53124019207709,76,90,-0.019803294093215597,1.467527837522347,0.5134732811124495,within,1
rice_PXD072089,blend,control,1,84,0.7069,0.0199,1.5736,"label inheritance, 80 of 100 labelled",0.8,82.53059435973086,75,89,-0.0981146236083582,1.31865341572664,0.40334251234212093,within,1
rice_PXD072089,blend,control,1,84,0.7069,0.0199,1.5736,"label inheritance, 70 of 100 labelled",0.7,81.52994852738459,74,89,-0.17445962187145964,1.31865341572664,0.3050792889431323,within,1
rice_PXD072089,blend,control,1,84,0.7069,0.0199,1.5736,"label inheritance, 50 of 100 labelled",0.5,79.52865686269212,72,87,-0.3219187684123345,1.051520904932905,0.1561308415320918,within,1
rice_PXD072089,blend,drop_w710,1,86,0.9302,0.2157,1.8554,no association,,75.99920063948836,68,84,-0.599745230332337,0.7068722820669163,0.00940097319276916,above,1
rice_PXD072089,blend,drop_w710,1,86,0.9302,0.2157,1.8554,"label inheritance, 100 of 100 labelled",1.0,84.53188602442334,78,91,0.14350900821897405,1.6293705651578403,0.3957337448209704,within,1
rice_PXD072089,blend,drop_w710,1,86,0.9302,0.2157,1.8554,"label inheritance, 90 of 100 labelled",0.9,83.53124019207709,76,90,-0.019803294093215597,1.467527837522347,0.29272202936953695,within,1
rice_PXD072089,blend,drop_w710,1,86,0.9302,0.2157,1.8554,"label inheritance, 80 of 100 labelled",0.8,82.53059435973086,75,89,-0.0981146236083582,1.31865341572664,0.20837274210518378,within,1
rice_PXD072089,blend,drop_w710,1,86,0.9302,0.2157,1.8554,"label inheritance, 70 of 100 labelled",0.7,81.52994852738459,74,89,-0.17445962187145964,1.31865341572664,0.1428919853524851,within,1
rice_PXD072089,blend,drop_w710,1,86,0.9302,0.2157,1.8554,"label inheritance, 50 of 100 labelled",0.5,79.52865686269212,72,87,-0.3219187684123345,1.051520904932905,0.06021904566650709,within,1
rice_PXD072089,blend,drop_all_basic,1,85,0.8156,0.0775,1.8229,no association,,75.99920063948836,68,84,-0.599745230332337,0.7068722820669163,0.018510064025497205,above,1
rice_PXD072089,blend,drop_all_basic,1,85,0.8156,0.0775,1.8229,"label inheritance, 100 of 100 labelled",1.0,84.53188602442334,78,91,0.14350900821897405,1.6293705651578403,0.5138236176538199,within,1
rice_PXD072089,blend,drop_all_basic,1,85,0.8156,0.0775,1.8229,"label inheritance, 90 of 100 labelled",0.9,83.53124019207709,76,90,-0.019803294093215597,1.467527837522347,0.3998834645251437,within,1
rice_PXD072089,blend,drop_all_basic,1,85,0.8156,0.0775,1.8229,"label inheritance, 80 of 100 labelled",0.8,82.53059435973086,75,89,-0.0981146236083582,1.31865341572664,0.2993697935503663,within,1
rice_PXD072089,blend,drop_all_basic,1,85,0.8156,0.0775,1.8229,"label inheritance, 70 of 100 labelled",0.7,81.52994852738459,74,89,-0.17445962187145964,1.31865341572664,0.21579754180405938,within,1
rice_PXD072089,blend,drop_all_basic,1,85,0.8156,0.0775,1.8229,"label inheritance, 50 of 100 labelled",0.5,79.52865686269212,72,87,-0.3219187684123345,1.051520904932905,0.10034662393290959,within,1
rice_PXD072089,blend,label_permuted,0,69,-0.5321,-1.1497,0.1918,no association,,75.99920063948836,68,84,-0.599745230332337,0.7068722820669163,0.9589150351559693,within,1
rice_PXD072089,blend,label_permuted,0,69,-0.5321,-1.1497,0.1918,"label inheritance, 100 of 100 labelled",1.0,84.53188602442334,78,91,0.14350900821897405,1.6293705651578403,0.9999946985036627,below,1
rice_PXD072089,blend,label_permuted,0,69,-0.5321,-1.1497,0.1918,"label inheritance, 90 of 100 labelled",0.9,83.53124019207709,76,90,-0.019803294093215597,1.467527837522347,0.9999682540888233,below,1
rice_PXD072089,blend,label_permuted,0,69,-0.5321,-1.1497,0.1918,"label inheritance, 80 of 100 labelled",0.8,82.53059435973086,75,89,-0.0981146236083582,1.31865341572664,0.9998594738583386,below,1
rice_PXD072089,blend,label_permuted,0,69,-0.5321,-1.1497,0.1918,"label inheritance, 70 of 100 labelled",0.7,81.52994852738459,74,89,-0.17445962187145964,1.31865341572664,0.9995066482198055,below,1
rice_PXD072089,blend,label_permuted,0,69,-0.5321,-1.1497,0.1918,"label inheritance, 50 of 100 labelled",0.5,79.52865686269212,72,87,-0.3219187684123345,1.051520904932905,0.9963608900162215,below,1
rice_PXD072089,blend,detect_only,0,94,2.2282,1.3277,3.7541,no association,,75.99920063948836,68,84,-0.599745230332337,0.7068722820669163,1.4723974669670315e-06,above,0
rice_PXD072089,blend,detect_only,0,94,2.2282,1.3277,3.7541,"label inheritance, 100 of 100 labelled",1.0,84.53188602442334,78,91,0.14350900821897405,1.6293705651578403,0.0019356503154893485,above,1
rice_PXD072089,blend,detect_only,0,94,2.2282,1.3277,3.7541,"label inheritance, 90 of 100 labelled",0.9,83.53124019207709,76,90,-0.019803294093215597,1.467527837522347,0.0009338857127873711,above,1
rice_PXD072089,blend,detect_only,0,94,2.2282,1.3277,3.7541,"label inheritance, 80 of 100 labelled",0.8,82.53059435973086,75,89,-0.0981146236083582,1.31865341572664,0.0004371492725600257,above,0
rice_PXD072089,blend,detect_only,0,94,2.2282,1.3277,3.7541,"label inheritance, 70 of 100 labelled",0.7,81.52994852738459,74,89,-0.17445962187145964,1.31865341572664,0.0001983480466097763,above,0
rice_PXD072089,blend,detect_only,0,94,2.2282,1.3277,3.7541,"label inheritance, 50 of 100 labelled",0.5,79.52865686269212,72,87,-0.3219187684123345,1.051520904932905,3.706830402222781e-05,above,0
rice_PXD072089,blend,full,0,91,1.6294,0.8088,2.8457,no association,,75.99920063948836,68,84,-0.599745230332337,0.7068722820669163,8.950547930433886e-05,above,0
rice_PXD072089,blend,full,0,91,1.6294,0.8088,2.8457,"label inheritance, 100 of 100 labelled",1.0,84.53188602442334,78,91,0.14350900821897405,1.6293705651578403,0.03262103911959387,at upper limit,1
rice_PXD072089,blend,full,0,91,1.6294,0.8088,2.8457,"label inheritance, 90 of 100 labelled",0.9,83.53124019207709,76,90,-0.019803294093215597,1.467527837522347,0.018394876051495083,above,1
rice_PXD072089,blend,full,0,91,1.6294,0.8088,2.8457,"label inheritance, 80 of 100 labelled",0.8,82.53059435973086,75,89,-0.0981146236083582,1.31865341572664,0.010047137305456788,above,1
rice_PXD072089,blend,full,0,91,1.6294,0.8088,2.8457,"label inheritance, 70 of 100 labelled",0.7,81.52994852738459,74,89,-0.17445962187145964,1.31865341572664,0.0053134160267392745,above,1
rice_PXD072089,blend,full,0,91,1.6294,0.8088,2.8457,"label inheritance, 50 of 100 labelled",0.5,79.52865686269212,72,87,-0.3219187684123345,1.051520904932905,0.0013463485958708197,above,1
