cohort,member,arm,k_distal_in_top100,D_distal_total,N,stored_log2_or,recomputed_log2_or,reproduces_at_4dp,stored_ci,within_protein_auc,log2_or_if_one_fewer,log2_or_if_one_more
human_PXD044043,lgb_rank,control,93,14670,18567,1.7343,1.7342880263062512,1,"[0.8724, 3.1774]",0.7935,1.5377329446774293,1.9565566161962908
human_PXD044043,lgb_rank,drop_w710,95,14670,18567,2.2132,2.2132207791273517,1,"[1.2516, 4.1207]",0.7953,1.9565566161962908,2.518225176740545
human_PXD044043,lgb_rank,drop_all_basic,97,14670,18567,2.8961,2.896138015415784,1,"[1.8266, 5.6708]",0.7845,2.518225176740545,3.3967557427747144
human_PXD044043,lgb_rank,label_permuted,83,14670,18567,0.344,0.3440030794529101,1,"[-0.3222, 1.2049]",0.4933,0.24597992790658516,0.44653775645396965
human_PXD044043,lgb_rank,detect_only,91,14670,18567,1.3611,1.3611167250597886,1,"[0.5385, 2.5604]",0.8819,1.2004028507052162,1.5377329446774293
human_PXD044043,lgb_rank,full,93,14670,18567,1.7343,1.7342880263062512,1,"[0.8707, 3.1456]",0.8884,1.5377329446774293,1.9565566161962908
human_PXD044043,blend,control,96,14670,18567,2.5182,2.518225176740545,1,"[1.4693, 4.2822]",0.8007,2.2132207791273517,2.896138015415784
human_PXD044043,blend,drop_w710,95,14670,18567,2.2132,2.2132207791273517,1,"[1.2816, 4.0502]",0.7968,1.9565566161962908,2.518225176740545
human_PXD044043,blend,drop_all_basic,99,14670,18567,4.1488,4.1487634442328005,1,"[2.7769, 5.9529]",0.7889,3.3967557427747144,5.748622233566254
human_PXD044043,blend,label_permuted,83,14670,18567,0.344,0.3440030794529101,1,"[-0.3222, 1.2049]",0.5021,0.24597992790658516,0.44653775645396965
human_PXD044043,blend,detect_only,90,14670,18567,1.2004,1.2004028507052162,1,"[0.4183, 2.3721]",0.8851,1.052658105112994,1.3611167250597886
human_PXD044043,blend,full,97,14670,18567,2.8961,2.896138015415784,1,"[1.7674, 5.6986]",0.887,2.518225176740545,3.3967557427747144
rice_PXD072089,lgb_rank,control,95,3803,5004,2.486,2.485981837260105,1,"[1.5014, 4.2985]",0.7663,2.2281920956805146,2.792110999107318
rice_PXD072089,lgb_rank,drop_w710,93,3803,5004,2.0048,2.0047971110341614,1,"[1.0923, 3.4496]",0.7636,1.8071148168438143,2.2281920956805146
rice_PXD072089,lgb_rank,drop_all_basic,91,3803,5004,1.6294,1.6293705651578403,1,"[0.7985, 2.8293]",0.7818,1.467527837522347,1.8071148168438143
rice_PXD072089,lgb_rank,label_permuted,79,3803,5004,0.229,0.22896947991290292,1,"[-0.4839, 1.085]",0.5128,0.14350900821897405,0.3173251452580862
rice_PXD072089,lgb_rank,detect_only,96,3803,5004,2.7921,2.792110999107318,1,"[1.7423, 4.6079]",0.8023,2.485981837260105,3.171147789291199
rice_PXD072089,lgb_rank,full,90,3803,5004,1.4675,1.467527837522347,1,"[0.6684, 2.5763]",0.901,1.31865341572664,1.6293705651578403
rice_PXD072089,blend,control,84,3803,5004,0.7069,0.7068722820669163,1,"[0.0199, 1.5736]",0.8157,0.6032029551806083,0.8156475328850923
rice_PXD072089,blend,drop_w710,86,3803,5004,0.9302,0.9302420036750441,1,"[0.2157, 1.8554]",0.8066,0.8156475328850923,1.051520904932905
rice_PXD072089,blend,drop_all_basic,85,3803,5004,0.8156,0.8156475328850923,1,"[0.0775, 1.8229]",0.8116,0.7068722820669163,0.9302420036750441
rice_PXD072089,blend,label_permuted,69,3803,5004,-0.5321,-0.5321290145464254,1,"[-1.1497, 0.1918]",0.5023,-0.599745230332337,-0.4633577620031492
rice_PXD072089,blend,detect_only,94,3803,5004,2.2282,2.2281920956805146,1,"[1.3277, 3.7541]",0.8371,2.0047971110341614,2.485981837260105
rice_PXD072089,blend,full,91,3803,5004,1.6294,1.6293705651578403,1,"[0.8088, 2.8457]",0.8953,1.467527837522347,1.8071148168438143
