cohort,reference,expected_k,k_q025,k_median,k_q975,log2_or_at_expected_k,log2_or_at_q025,log2_or_at_q975,ceiling_log2_or_k100,P_k_or_more_under_label_inheritance,P_k_or_more_under_no_association
human_PXD044043,no association: 100 cysteines at random,79.01114881240912,71,79,87,-0.024727569993591172,-0.6388444945173737,0.7877874223549013,5.748622233566254,,
human_PXD044043,label inheritance: 100 label-positive cysteines at random,89.73799126637554,84,90,95,1.160538794457694,0.44653775645396965,2.2132207791273517,5.748622233566254,,
human_PXD044043,observed lgb_rank control,93,,,,1.7343,,,,0.17878800273371923,0.00011576083576201171
human_PXD044043,observed lgb_rank drop_w710,95,,,,2.2132,,,,0.046367717778527016,6.901671182208662e-06
human_PXD044043,observed lgb_rank drop_all_basic,97,,,,2.8961,,,,0.005763541858787499,1.8990768981040589e-07
human_PXD044043,observed lgb_rank label_permuted,83,,,,0.344,,,,0.9884110981635063,0.19684667221271288
human_PXD044043,observed lgb_rank detect_only,91,,,,1.3611,,,,0.4148684984202605,0.001099732756466934
human_PXD044043,observed lgb_rank full,93,,,,1.7343,,,,0.17878800273371923,0.00011576083576201171
human_PXD044043,observed blend control,96,,,,2.5182,,,,0.01828413789167545,1.285108045626472e-06
human_PXD044043,observed blend drop_w710,95,,,,2.2132,,,,0.046367717778527016,6.901671182208662e-06
human_PXD044043,observed blend drop_all_basic,99,,,,4.1488,,,,0.00021276636751650383,1.517534354551045e-09
human_PXD044043,observed blend label_permuted,83,,,,0.344,,,,0.9884110981635063,0.19684667221271288
human_PXD044043,observed blend detect_only,90,,,,1.2004,,,,0.5482719312485209,0.00284680405634993
human_PXD044043,observed blend full,97,,,,2.8961,,,,0.005763541858787499,1.8990768981040589e-07
rice_PXD072089,no association: 100 cysteines at random,75.99920063948841,68,76,84,-0.019866727880998924,-0.599745230332337,0.7068722820669163,6.026999002444857,,
rice_PXD072089,label inheritance: 100 label-positive cysteines at random,84.53188602442334,78,85,91,0.7640504324052397,0.14350900821897405,1.6293705651578403,6.026999002444857,,
rice_PXD072089,observed lgb_rank control,95,,,,2.486,,,,0.0005535560317543582,2.7717509016967777e-07
rice_PXD072089,observed lgb_rank drop_w710,93,,,,2.0048,,,,0.005717596722087088,6.642182972767822e-06
rice_PXD072089,observed lgb_rank drop_all_basic,91,,,,1.6294,,,,0.03262103911959386,8.950547930433884e-05
rice_PXD072089,observed lgb_rank label_permuted,79,,,,0.229,,,,0.9598413444430018,0.28156677060251345
rice_PXD072089,observed lgb_rank detect_only,96,,,,2.7921,,,,0.00012991844058343955,4.3074766518486984e-08
rice_PXD072089,observed lgb_rank full,90,,,,1.4675,,,,0.06496853167863327,0.0002750932483534991
rice_PXD072089,observed blend control,84,,,,0.7069,,,,0.6290516185685264,0.033942429023603456
rice_PXD072089,observed blend drop_w710,86,,,,0.9302,,,,0.3957337448209706,0.009400973192769163
rice_PXD072089,observed blend drop_all_basic,85,,,,0.8156,,,,0.51382361765382,0.018510064025497205
rice_PXD072089,observed blend label_permuted,69,,,,-0.5321,,,,0.9999946985036627,0.95891503515597
rice_PXD072089,observed blend detect_only,94,,,,2.2282,,,,0.001935650315489348,1.4723974669670315e-06
rice_PXD072089,observed blend full,91,,,,1.6294,,,,0.03262103911959386,8.950547930433884e-05
