set,attribute_class,n_claims,n_estimable,claims_estimable,claims_not_estimable,median_retention_matched,min_retention_matched,max_retention_matched,median_retention_random,min_retention_random,max_retention_random,median_retention_stratified,min_retention_stratified,max_retention_stratified,n_shift_no_gate,median_shift_no_gate,min_shift_no_gate,max_shift_no_gate,median_shift_estimable,min_shift_estimable,max_shift_estimable,median_random_shift_estimable,min_random_shift_estimable,max_random_shift_estimable,median_retention_at_common_baseline,min_retention_at_common_baseline,max_retention_at_common_baseline
primary_own_data,basic_motif,3,3,PERS-009;SFE-006;SNO-021,,0.42989340553211336,0.37101048507892614,0.552119129438717,1.0056012881105374,0.9934135166093928,1.006221914967162,0.4598456043322964,0.40866513547677574,0.6911034746086292,3,-0.5459,-0.7890471501957933,-0.46920000000000006,-0.5459,-0.7890471501957933,-0.46920000000000006,0.00539999999999996,-0.006900000000000128,0.007752375545086121,0.5276890101526592,0.3173188486074401,0.5940496126829597
primary_own_data,acidic_motif,3,2,SFE-002;SNO-006,SNO-014(baseline interval covers 0),0.9244625214530647,0.8291163102477055,1.019808732658424,0.9651743390851971,0.9108129197532508,1.0195357584171434,0.9744171287087248,0.8949044880993478,1.0539297693181018,3,-0.13944325576228012,-0.24520740886191938,0.02503848619191107,-0.057202384785184524,-0.13944325576228012,0.02503848619191107,-0.048396080083043524,-0.11273358653287846,0.01594142636679141,0.950508673787289,0.8793541268426114,1.0216632207319665
primary_own_data,hydrophobic_composition,2,0,,PERS-003(baseline interval covers 0);SNO-004(null claim (no claimed sign)),,,,,,,,,,2,0.26886272626977253,0.1512,0.38652545253954507,,,,,,,,,
primary_own_data,other_sequence_motif,2,0,,PERS-002(null claim (no claimed sign));SNO-005(baseline interval covers 0),,,,,,,,,,2,0.08464927597511096,0.08309999999999995,0.08619855195022197,,,,,,,,,
primary_own_data,structural,5,1,SFE-001,SNO-001(baseline interval covers 0);SNO-002(baseline interval covers 0);SNO-009(baseline interval covers 0);SNO-012(baseline interval covers 0),0.8859059235339878,0.8859059235339878,0.8859059235339878,1.0151310911462004,1.0151310911462004,1.0151310911462004,0.9608810138305637,0.9608810138305637,0.9608810138305637,5,0.033371222832156225,-0.2931856013098506,1.1539558379915786,-0.2931856013098506,-0.2931856013098506,-0.2931856013098506,0.03888210671037262,0.03888210671037262,0.03888210671037262,0.7463367254741833,0.7463367254741833,0.7463367254741833
secondary_all_incl_transfer,basic_motif,5,4,PERS-009;SFE-006;SFE-008;SNO-021,SNO-016(baseline opposite to the claimed sign),0.2616796520904623,-0.08604777415852334,0.552119129438717,1.014660399476833,0.9934135166093928,1.1159066232356134,0.3088223609515103,-0.10287730727470142,0.6911034746086292,5,-0.46920000000000006,-0.9797999999999999,0.35,-0.5075500000000001,-0.9797999999999999,-0.4001,0.016050000000000064,-0.006900000000000128,0.042700000000000016,0.5155116456662849,0.06471935853379174,0.6180794196258115
secondary_all_incl_transfer,acidic_motif,4,2,SFE-002;SNO-006,SFE-007(baseline interval covers 0);SNO-014(baseline interval covers 0),0.9244625214530647,0.8291163102477055,1.019808732658424,0.9651743390851971,0.9108129197532508,1.0195357584171434,0.9744171287087248,0.8949044880993478,1.0539297693181018,4,-0.057202384785184524,-0.24520740886191938,0.0584,-0.057202384785184524,-0.13944325576228012,0.02503848619191107,-0.048396080083043524,-0.11273358653287846,0.01594142636679141,0.9453967308274298,0.866892653911531,1.0239008077433287
secondary_all_incl_transfer,hydrophobic_composition,2,0,,PERS-003(baseline interval covers 0);SNO-004(null claim (no claimed sign)),,,,,,,,,,2,0.26886272626977253,0.1512,0.38652545253954507,,,,,,,,,
secondary_all_incl_transfer,other_sequence_motif,2,0,,PERS-002(null claim (no claimed sign));SNO-005(baseline interval covers 0),,,,,,,,,,2,0.08464927597511096,0.08309999999999995,0.08619855195022197,,,,,,,,,
secondary_all_incl_transfer,structural,5,1,SFE-001,SNO-001(baseline interval covers 0);SNO-002(baseline interval covers 0);SNO-009(baseline interval covers 0);SNO-012(baseline interval covers 0),0.8859059235339878,0.8859059235339878,0.8859059235339878,1.0151310911462004,1.0151310911462004,1.0151310911462004,0.9608810138305637,0.9608810138305637,0.9608810138305637,5,0.033371222832156225,-0.2931856013098506,1.1539558379915786,-0.2931856013098506,-0.2931856013098506,-0.2931856013098506,0.03888210671037262,0.03888210671037262,0.03888210671037262,0.7201359284938424,0.7201359284938424,0.7201359284938424
