dataset_id,cohort_label,negative_set,n_units,n_units_both_classes,frac_units_both_classes,n_units_positive_only,n_units_negative_only,frac_units_negative_only,global_minus_within_VIS10,global_minus_within_DIG25,global_minus_within_CPL15,share_global_stored,share_within_point,share_within_denominator,complement_ratio_global_point,complement_ratio_within_point,share_plus_complement_global_point
qtrp_S1_ph5,QTRP S1 pH5 (human),NEG_A,201,195.0,0.9701492537313433,6.0,0.0,0.0,-0.026800000000000046,-0.015000000000000013,-0.010699999999999932,0.8302,0.8626299141436964,0.4426,0.9588400374181479,0.9505196565747853,1.7890551917680075
qtrp_S1_ph5,QTRP S1 pH5 (human),NEG_B,922,99.0,0.10737527114967461,102.0,721.0,0.7819956616052061,-0.048800000000000066,-0.1302000000000001,-0.0724999999999999,0.4393,0.4104145255224392,0.29190000000000005,0.820037105751392,0.7026378896882491,1.2591218305504024
qtrp_S2_ph5,QTRP S2 pH5 (human),NEG_A,56,53.0,0.9464285714285714,3.0,0.0,0.0,-0.0262,0.007699999999999929,0.01880000000000004,0.5963,0.7333036509349953,0.22460000000000002,1.0047352561343095,0.9554764024933214,1.600947051226862
qtrp_S2_ph5,QTRP S2 pH5 (human),NEG_B,765,33.0,0.043137254901960784,23.0,709.0,0.9267973856209151,0.01429999999999998,0.03909999999999991,0.023900000000000032,-0.9075,-2.3323782234956982,0.03490000000000004,1.2662162162162172,1.999999999999997,0.3594594594594599
qpers_sid_tierB,qPerS-SID tier B (human),NEG_A,504,481.0,0.9543650793650794,23.0,0.0,0.0,-0.014800000000000035,0.01100000000000001,0.014100000000000001,0.761,0.8233549083063646,0.3708,0.9531168150864326,0.9433656957928802,1.7139863803038238
qpers_sid_tierB,qPerS-SID tier B (human),NEG_B,1072,256.0,0.23880597014925373,248.0,568.0,0.5298507462686567,-0.02939999999999998,-0.031200000000000006,-0.037800000000000056,0.5895,0.6370306430729389,0.23170000000000002,0.8399002493765585,0.8899438929650412,1.4294264339152116
cysboost2019_human_sno_hela,Cys-BOOST HeLa (human),NEG_A,3541,3340.0,0.9432363739056764,201.0,0.0,0.0,-0.02400000000000002,0.007099999999999995,0.023600000000000065,0.7555,0.8507317073170734,0.3075,0.9087730451366817,0.8530081300813007,1.664017800381437
cysboost2019_human_sno_hela,Cys-BOOST HeLa (human),NEG_B,6276,2640.0,0.42065009560229444,901.0,2735.0,0.43578712555768007,-0.016100000000000003,-0.026000000000000023,-0.015599999999999947,0.281,0.3465272591486183,0.13390000000000002,0.9054680259499538,0.8461538461538457,1.1862835959221503
cysboost2019_human_sno_shsy5y,Cys-BOOST SH-SY5Y (human),NEG_A,1405,1358.0,0.9665480427046264,47.0,0.0,0.0,-0.016900000000000026,0.04749999999999999,0.06030000000000002,0.7137,0.9182111200644641,0.24819999999999998,0.9222184646601288,0.8557614826752621,1.6357795062563412
cysboost2019_human_sno_shsy5y,Cys-BOOST SH-SY5Y (human),NEG_B,1405,324.0,0.23060498220640568,1081.0,0.0,0.0,0.03309999999999991,0.17569999999999997,0.17659999999999998,0.1818,0.17686787674124124,0.2369,0.9869122636936501,0.9734065006331787,1.168686379059622
natcomm2023_ath_sno,FAT-switch (Arabidopsis),NEG_A,1463,1416.0,0.9678742310321258,47.0,0.0,0.0,-0.012299999999999978,0.007299999999999973,0.014900000000000024,0.876,0.9252631578947369,0.38,0.9160857216627938,0.8944736842105262,1.7921507875032279
abiotech2025_ath_sno,PAT-switch (Arabidopsis),NEG_A,2940,2690.0,0.9149659863945578,250.0,0.0,0.0,-0.02629999999999999,0.0049000000000000155,0.01200000000000001,0.7354,0.8215109573241063,0.3468,0.9331816889394371,0.911764705882353,1.6684674438441855
abiotech2025_ath_sno,PAT-switch (Arabidopsis),NEG_B,3170,281.0,0.08864353312302839,2659.0,230.0,0.07255520504731862,0.059900000000000064,-0.008199999999999985,-0.021599999999999953,0.3922,0.19728311207162694,0.32389999999999997,0.9280962939499526,0.9712874343933313,1.3202407348748815
fps2020_ath_sulfenyl,YAP1C reporter (Arabidopsis),NEG_A,1090,978.0,0.8972477064220183,112.0,0.0,0.0,-0.026000000000000023,-0.0025000000000000577,0.00990000000000002,0.7322,0.8097686375321336,0.31120000000000003,0.9520570132815033,0.9125964010282777,1.6841593780369293
fps2020_ath_sulfenyl,YAP1C reporter (Arabidopsis),NEG_B,1277,149.0,0.11667971808927173,941.0,187.0,0.14643696162881753,0.007099999999999995,-0.039899999999999936,-0.05809999999999993,0.8962,0.7714951909064415,0.34309999999999996,0.9831794195250659,1.0381812882541532,1.879617414248021
