family,label,n,n_pos,AIC_D,AIC_T,dAIC_D_minus_T,AIC_D0,AIC_T0,dAIC0_D_minus_T,LR_len_given_T,p_len_given_T,len_OR_per_doubling_T,LR_len_given_D,p_len_given_D,len_OR_per_doubling_D,LR_det_given_total,df_det_given_total,p_det_given_total,LR_total_given_det,df_total_given_det,p_total_given_det,LR_det_given_total_nolen,df_det_given_total_nolen,p_det_given_total_nolen,LR_total_given_det_nolen,df_total_given_det_nolen,p_total_given_det_nolen,B_coef[l2d],B_coef[l2c],frac_det_given_total_logit,len_coef_T,len_coef_D,B_coef[log_det],B_coef[log_cys],exponent_D0,exponent_T0,exponent_D,exponent_T,B_coef[I(l2d ** 2)],B_coef[I(l2c ** 2)]
logit_all,A,7692,1197,5452.282135246396,5441.7169874651845,10.565147781211635,5454.602533265921,5441.517963508778,13.084569757143072,1.8009760435934368,0.17959454074414993,"[1.0662867173596087, 0.9707173111625825, 1.1712651567487116]",4.320398019524873,0.037658112890657146,"[1.101994498362579, 1.0052842340678738, 1.208008474884129]",1.2740127430261055,1.0,0.259015239708704,11.839160524237741,1.0,0.0005799796670317182,1.4263555295501646,1.0,0.23236014004249952,14.510925286693237,1.0,0.00013934903604766774,"[0.1021720821988107, -0.07695265048376883, 0.28129681488139024]","[0.32653222399326787, 0.1447786096777697, 0.5082858383087661]","[0.03979741176990652, -0.27012183773991183, 0.3497166612797249, 0.8012858804593443]",,,,,,,,,,
logit_all,S,7692,750,4089.434867086747,4069.980977717846,19.453889368900946,4087.8016134753384,4070.2230917296133,17.578521745725084,2.242114011767171,0.13429726213956822,"[0.9191189389995658, 0.8233046646404997, 1.0260838548711064]",0.36674638859130937,0.5447831285987608,"[0.9670940513984181, 0.867949867918482, 1.0775632773505381]",7.7393833036576325,1.0,0.00540292496571173,27.193272672558578,1.0,1.840981453240835e-07,7.149701659706352,1.0,0.007497645786831744,24.728223405431436,1.0,6.601041932195271e-07,"[0.3079589937201188, 0.08328242578634026, 0.5326355616538974]","[0.6438432096971201, 0.4132320412008611, 0.874454378193379]","[0.5036551781713989, 0.10521465381789885, 0.902095702524899, 0.013229746607421884]",,,,,,,,,,
logit_all,S1,7692,692,3916.230249026166,3899.28422265333,16.94602637283606,3916.787530276478,3897.840351325869,18.94717895060876,0.5561286725392165,0.4558242783045936,"[1.0445096675618528, 0.9313569117302782, 1.1714096195445716]",2.5572812503119167,0.10978724041788528,"[1.095988339685991, 0.9790981392253324, 1.226833544672083]",5.0618869968388935,1.0,0.024457594233678773,22.007913369674952,1.0,2.7152864618961905e-06,5.270601007165169,1.0,0.02168852336479292,24.217779957773928,1.0,8.60343573784345e-07,"[0.2563936589592981, 0.026235141475748736, 0.4865521764428475]","[0.5917886269658488, 0.35555739151669236, 0.8280198624150052]","[0.4100912620904855, 0.004265322082091849, 0.8159172020988792, 0.04764022901809539]",,,,,,,,,,
logit_all,S_map,7692,725,3947.8913331258245,3945.214370234671,2.67696289115338,3946.6132120080097,3945.332696101989,1.2805159060208098,2.118325867317708,0.1455455625487836,"[0.9200394581574728, 0.8226282955865943, 1.0289855200800007]",0.7218788821851376,0.39552829249308485,"[0.9533445008203023, 0.8540093655811171, 1.0642339228046602]",14.983491843874617,1.0,0.00010845581965516293,17.660454735027997,1.0,2.6405980538474518e-05,14.189226029750444,1.0,0.00016531436435299375,15.469741935771253,1.0,8.383664340708968e-05,"[0.44962191889830927, 0.20993680014093755, 0.689307037655681]","[0.5447860994962773, 0.3009302096190856, 0.7886419893734691]","[0.7556143051637059, 0.336183816573435, 1.1750447937539767, 0.00041411203749279593]",,,,,,,,,,
logit_ndet_ge1,A,6990,1113,5063.050911149916,5044.097523531536,18.953387618379566,5064.3028305326125,5042.784910114231,21.517920418381436,0.6873865826946712,0.4070547258075936,"[1.0425718310471053, 0.9446161265532615, 1.1506854396600503]",3.251919382696542,0.07133987261318821,"[1.0923912759005006, 0.992070621294706, 1.2028566052144332]",0.00471590786401066,1.0,0.9452503337893161,18.958103526243576,1.0,1.3362054048240137e-05,0.001306063107222144,1.0,0.9711711303356594,21.51922648148866,1.0,3.502989268691866e-06,"[-0.0075517951236676005, -0.22300555641382008, 0.20790196616648488]","[0.4853967337985077, 0.2706184595657929, 0.7001750080312225]",,,,,,,,,,,
logit_ndet_ge1,S,6990,746,4025.629665500586,4002.7198146949495,22.909850805636324,4023.870051578017,4002.7983522880145,21.07169929000247,2.0785375930649934,0.14938323542820306,"[0.9207555488007299, 0.8232325237486342, 1.0298314949789296]",0.2403860774311397,0.6239274082916273,"[0.973018466437359, 0.8723323920404153, 1.0853258971773299]",2.674938454445055,1.0,0.1019392669593511,25.58478926008138,1.0,4.233636056340829e-07,2.4339571791183516,1.0,0.11873283118835601,23.505656469120822,1.0,1.245470583446288e-06,"[0.20665033158024176, -0.04420809857055097, 0.4575087617310345]","[0.6705895799797389, 0.41843057156303315, 0.9227485883964446]",,,,,,,,,,,
logit_ndet_ge1,S1,6990,689,3859.3199844293604,3840.6304187260203,18.689565703340122,3860.2450102213184,3839.319239874565,20.925770346753325,0.6888211485447755,0.40656564142556206,"[1.0504425400549566, 0.9349865090902565, 1.180155562919029]",2.925025791957978,0.08721583132779688,"[1.1040365365266407, 0.9851624270238649, 1.2372545283400396]",1.4440530823026165,1.0,0.22948458810010539,20.13361878564274,1.0,7.221609040504128e-06,1.551540338004088,1.0,0.21290818927280583,22.477310684757413,1.0,2.12640505092972e-06,"[0.15578263032827222, -0.10088173891978575, 0.4124469995763302]","[0.6068719801199084, 0.34946767542617513, 0.8642762848136416]",,,,,,,,,,,
logit_ndet_ge1,S_map,6990,725,3918.8054005453196,3904.4059988943013,14.399401651018252,3917.0841992193878,3904.1236118482866,12.960587371101155,1.717612953985281,0.19000060036616492,"[0.9267322887371698, 0.8272796065139854, 1.0381408271467094]",0.2787986740681845,0.597489691390284,"[0.9705652714083999, 0.8687885720448018, 1.0842648906476222]",5.271059336895178,1.0,0.02168281380855155,19.67046098791343,1.0,9.201275395885521e-06,4.955530901524526,1.0,0.02600733817645965,17.91611827262568,1.0,2.3085765843596537e-05,"[0.2975037069479585, 0.038660273808796386, 0.5563471400871207]","[0.6033981801844555, 0.344173230362894, 0.862623130006017]",,,,,,,,,,,
cloglog_ndet_ge1,A,6990,1113,5096.386483724447,5079.4032679242055,16.98321580024185,5100.282847516803,5080.104048822737,20.178798694065335,2.700780898531775,0.10029910941440916,,5.89636379235526,0.01517217624282411,,0.052069168013076705,1.0,0.8195011040592833,17.035284968254928,1.0,3.66916062465341e-05,0.01546238321952842,1.0,0.9010398770235752,20.194261077284864,1.0,6.996251310444961e-06,,,,"[0.06703535906675005, -0.015175279822396415, 0.14924599795589652]","[0.09754214740025556, 0.016814428885851926, 0.1782698659146592]","[-0.022732436196104953, -0.22254011492222228, 0.17707524253001236]","[0.4310329254184919, 0.22744000676902093, 0.6346258440679629]","[0.4193916520225801, 0.339150971543581, 0.49963233250157923]","[0.45070751380137775, 0.3708035386347676, 0.5306114889679879]","[0.3627701306245194, 0.26995500086874985, 0.45558526038028896]","[0.4107287422402917, 0.31667104058733814, 0.5047864438932453]",,
cloglog_ndet_ge1,S,6990,746,4036.587439491237,4013.205799206376,23.381640284861078,4034.5884137434205,4011.864683787302,22.723729956118405,0.658884580926042,0.416954004519442,,0.0009742521833686624,0.9750996620620522,,2.6233046461343292,1.0,0.10530492639288465,26.004944930995407,1.0,3.405439883840078e-07,2.4428168517533777,1.0,0.11806404355322274,25.166546807871782,1.0,5.258651036580538e-07,,,,"[-0.03987715833390656, -0.13721292942676258, 0.05745861275894947]","[0.0015037876445090062, -0.09413289440100993, 0.09714046969002794]","[0.2002838929311273, -0.05173303752871483, 0.45230082339096944]","[0.7038425908827116, 0.4440707491886787, 0.9636144325767445]","[0.8259087010178867, 0.7230647588274806, 0.9287526432082929]","[0.8585996075837247, 0.755087149564569, 0.9621120656028803]","[0.8249474015353646, 0.7045969897785946, 0.9452978132921346]","[0.8849014830084418, 0.7619012923275333, 1.0079016736893505]",,
cloglog_ndet_ge1,S1,6990,689,3869.435696055563,3850.194991991964,19.24070406359897,3873.2816051079103,3850.9389148918117,22.342690216098617,2.743922899847803,0.09762484076707698,,5.8459090523474515,0.01561330596341809,,1.2549986644007731,1.0,0.26259990261088845,20.495702727999742,1.0,5.976527981507114e-06,1.5149029909071032,1.0,0.21839245514236053,23.85759320700572,1.0,1.0373189102733447e-06,,,,"[0.0845410904171696, -0.018221364164301743, 0.18730354499864094]","[0.12143155497056285, 0.020260497059207072, 0.22260261288191863]","[0.1442245099962594, -0.11586072849651535, 0.40430974848903417]","[0.6404072418704736, 0.3726535615784983, 0.9081609221624489]","[0.7897064629092079, 0.6835886704875989, 0.8958242553308169]","[0.8242510512644061, 0.7174949239409594, 0.9310071785878529]","[0.7144987124800208, 0.5907735337580148, 0.8382238912020269]","[0.7706222242807789, 0.6444586841665203, 0.8967857643950374]",,
cloglog_ndet_ge1,S_map,6990,725,3932.0012271065875,3916.5023805845776,15.498846522009899,3930.001328976091,3914.966645486085,15.034683490006046,0.4642649015072493,0.49563748196956336,,0.0001018695033963013,0.9919470540816464,,4.884745105013735,1.0,0.02709503496215484,20.383591627023634,1.0,6.337083233486245e-06,4.670489241903397,1.0,0.030685185040266263,19.705172731909443,1.0,9.035645528228769e-06,,,,"[-0.033956536346255686, -0.13272915946687452, 0.06481608677436315]","[0.0004926878325200949, -0.0964878812241465, 0.0974732568891867]","[0.2819386198480273, 0.020566717013973612, 0.543310522682081]","[0.6433916736850571, 0.3751496525639759, 0.9116336948061383]","[0.8556100426262032, 0.750668929834873, 0.9605511554175334]","[0.8761069437669728, 0.7707132304397508, 0.9815006570941949]","[0.8552938371108575, 0.7325204246671295, 0.9780672495545855]","[0.8985257084613681, 0.7734266230763226, 1.0236247938464138]",,
spline_quadratic_ndet_ge1,A,6990,1113,5039.258650521603,5019.474208966704,19.784441554898876,5039.511201928488,5017.712110738339,21.79909119014883,0.2379017716348244,0.6257256899930251,"[1.0251918384504823, 0.9275904537347793, 1.1330628742390998]",2.252551406884777,0.13339430397213933,"[1.0774118983812893, 0.9772046211673386, 1.1878949133364698]",1.4798826931828444,2.0,0.4771419006991646,21.26432424808172,2.0,2.4127407474213003e-05,1.4959687914388269,2.0,0.47331961696422464,23.295059981587656,2.0,8.74061512102132e-06,"[-0.46042594765462647, -1.2120902415478436, 0.29123834623859063]","[0.3809002221471444, -0.36905115516333015, 1.130851599457619]",,,,,,,,,,"[0.08017323229431858, -0.0662700623982242, 0.22661652698686136]","[0.025297289368554732, -0.11139916632955628, 0.16199374506666575]"
spline_quadratic_ndet_ge1,S,6990,746,4030.6791074424023,4006.621371636775,24.05773580562709,4028.9787055633205,4006.979773751008,21.99893181231255,2.358402114232831,0.12460976822143667,"[0.914718852907168, 0.8166274327885449, 1.0245927901377037]",0.2995981209182901,0.5841344725826887,"[0.969553019940304, 0.8680501043041073, 1.0829248839604286]",2.2560469847380773,2.0,0.3236723655125617,26.313782790365167,2.0,1.9321225448336e-06,2.0688992741625043,2.0,0.35542193816156314,24.067831086475053,2.0,5.939322173909066e-06,"[0.08685868289249077, -0.8403138932919108, 1.0140312590768923]","[0.6258637565748427, -0.31383911530377184, 1.5655666284534573]",,,,,,,,,,"[0.0195804840831593, -0.1513347260726342, 0.1904956942389528]","[0.009582359397078896, -0.1522465812133033, 0.17141130000746108]"
spline_quadratic_ndet_ge1,S1,6990,689,3863.4599874983896,3844.0210247552614,19.438962743128286,3863.959617664244,3842.4966011115275,21.463016552716454,0.4755763562661741,0.4904329076807872,"[1.0423014288172914, 0.9263350171460341, 1.1727854916482128]",2.4996301658543416,0.11387303639230302,"[1.0970252270017575, 0.9775627121062338, 1.2310865929872687]",1.5180696361326227,2.0,0.4681180280998001,20.95703237926091,2.0,2.8134437740263994e-05,1.6005991370479933,2.0,0.44919437946232177,23.063615689764447,2.0,9.812947754330632e-06,"[-0.163172854918215, -1.094755118653477, 0.768409408817047]","[0.7216453849892647, -0.22742692753475335, 1.6707176975132827]",,,,,,,,,,"[0.05770314481096243, -0.11541161076555506, 0.2308179003874799]","[-0.018790430913544653, -0.18330528932908377, 0.14572442750199446]"
spline_quadratic_ndet_ge1,S_map,6990,725,3924.1326994924243,3908.2900509661954,15.842648526228913,3922.4887984616757,3908.3657006730064,14.123097788669384,2.075649706810964,0.14966619673687198,"[0.9187471037418754, 0.8189703485883431, 1.0306798556126613]",0.356098969251434,0.5506807911163285,"[0.9663958009308851, 0.8638975191869253, 1.0810551290109334]",4.576552177775284,2.0,0.10144118679464437,20.419200704004197,2.0,3.681517800616449e-05,4.339536950778438,2.0,0.11420405489955608,18.46263473944782,2.0,9.792414890701688e-05,"[0.26645330674615136, -0.7008513327286348, 1.2337579462209374]","[0.4470542936612807, -0.5267790254729736, 1.420887612795535]",,,,,,,,,,"[0.0024587623246530854, -0.17431201740530536, 0.17922954205461153]","[0.02936774774201921, -0.13729662799136017, 0.19603212347539856]"
spline_categorical_ndet_ge1,A,6990,1113,5053.621135022959,5041.1162941845605,12.504840838398195,5054.452504405698,5039.450692084039,15.0018123216596,0.33439789947806275,0.5630808492467659,"[1.0299614726533273, 0.9318228991598281, 1.1384358938878756]",2.8313693827394673,0.09243950729068179,"[1.0878203702877005, 0.9859529458221209, 1.2002126095643944]",,,,,,,,,,,,,,,,,,,,,,,,,
spline_categorical_ndet_ge1,S,6990,746,4042.3367358466935,4020.074584958449,22.262150888244378,4040.440528368488,4019.854069119968,20.586459248519986,1.779484161518667,0.18221268118877826,"[0.9255129306326052, 0.826232252674969, 1.0367232482089037]",0.10379252179427567,0.7473250708858752,"[0.9818327971996145, 0.8782730184284167, 1.0976036169046783]",,,,,,,,,,,,,,,,,,,,,,,,,
spline_categorical_ndet_ge1,S1,6990,689,3878.3887497134424,3853.1370986035636,25.25165110987882,3879.640882853896,3851.7921193885963,27.848763465299726,0.6550207850327752,0.4183233167180537,"[1.049806762051597, 0.9330322613443455, 1.1811962815319188]",3.2521331404536795,0.07133057039765449,"[1.1121710889599936, 0.9902666267667591, 1.2490823154942041]",,,,,,,,,,,,,,,,,,,,,,,,,
spline_categorical_ndet_ge1,S_map,6990,725,3936.423225479047,3918.611837047587,17.811388431459818,3934.550923760378,3918.062473545806,16.488450214571913,1.4506364982189552,0.22842584845027775,"[0.9316558932825267, 0.830484559870202, 1.0451521261559897]",0.12769828133104966,0.7208305792910127,"[0.9795900895537369, 0.8749091206201268, 1.096795908210153]",,,,,,,,,,,,,,,,,,,,,,,,,
