window,label,n_pos,frac_cys_detectable,frac_groups_no_undetectable,spearman_ncys_ndet,dAIC_D_minus_T,p_det_given_total,p_total_given_det,OR_per_detectable_cys,OR_per_undetectable_cys,p_equal
w7_30_mc2,A,1197,0.8121832265468107,0.5278211128445138,0.9378134489019624,10.565147781211635,0.259015239708704,0.0005799796670317182,"[1.0765106004946172, 1.0598131335707666, 1.0934711377587398]","[1.0708121025810646, 1.0342962236891207, 1.1086171763677701]",0.7989827258887435
w7_30_mc2,S,750,0.8121832265468107,0.5278211128445138,0.9378134489019624,19.453889368900946,0.00540292496571173,1.840981453240835e-07,"[1.111350006766699, 1.0929249119623952, 1.1300857213718984]","[1.0809114977860579, 1.0411181869945638, 1.1222257767092483]",0.21703273789842015
w7_30_mc2,S_map,725,0.8121832265468107,0.5278211128445138,0.9378134489019624,2.67696289115338,0.00010845581965516293,2.6405980538474518e-05,"[1.117457475284317, 1.098660555138273, 1.1365759908542836]","[1.0719538290838766, 1.0316269589947498, 1.1138570988948273]",0.07053903090529788
w6_35_mc2,A,1197,0.8713971502342929,0.640925637025481,0.9586377690512548,1.396513799103559,0.08193094995690976,0.03546410938308358,"[1.0776826795404502, 1.0619135307807734, 1.093685996191765]","[1.0616367628115753, 1.0176469644525215, 1.10752810701832]",0.5335705431727685
w6_35_mc2,S,750,0.8713971502342929,0.640925637025481,0.9586377690512548,1.1422667446408923,0.0012967086046271235,0.0006999151805802854,"[1.1096309432439544, 1.0922617915778838, 1.1272762992338647]","[1.077525353474929, 1.0294998415711711, 1.1277912249207511]",0.258034489946916
w6_35_mc2,S_map,736,0.8713971502342929,0.640925637025481,0.9586377690512548,-5.3692362056212914,0.0001855420335668745,0.003356318391191972,"[1.1132720947600436, 1.095667252744954, 1.131159805923225]","[1.0726585954743457, 1.0242150527235294, 1.1233934312773484]",0.15788704454429014
w7_40_mc3,A,1197,0.9116190111886774,0.7381695267810713,0.9698422081180058,-1.361356215656997,0.06430294366731702,0.15106972374259223,"[1.078207957981899, 1.0631944809396965, 1.0934334418553426]","[1.0495106916852177, 0.9988127557488284, 1.1027819635080547]",0.3189803299311942
w7_40_mc3,S,750,0.9116190111886774,0.7381695267810713,0.9698422081180058,2.7046411596220423,0.008910921474652521,0.002004691645124033,"[1.1073999977496665, 1.090924450564265, 1.1241243647822334]","[1.0820053130265053, 1.026436889902988, 1.140582055198967]",0.4206197441277535
w7_40_mc3,S_map,736,0.9116190111886774,0.7381695267810713,0.9698422081180058,-4.555254031335153,0.0010789384079858612,0.013277930895425545,"[1.1109216401204922, 1.094229332435869, 1.1278685865061435]","[1.0740471177903443, 1.0180269217680282, 1.1331500047467353]",0.24877668792920982
w5_50_mc3,A,1197,0.9573491441139906,0.8684347373894956,0.9849662031075062,-1.8505356221503462,0.11726563013906294,0.4374618798582972,"[1.076697756214917, 1.0623447171882652, 1.0912447150925995]","[1.0476905271535226, 0.9780447366251043, 1.1222957392264667]",0.4501614173987948
w5_50_mc3,S,750,0.9573491441139906,0.8684347373894956,0.9849662031075062,3.53230234162902,0.10707619139366024,0.013297043755317284,"[1.1051744379810309, 1.0894551286355048, 1.1211205549111978]","[1.0978936669412063, 1.0207425114665127, 1.1808761664857461]",0.8628051152782357
w5_50_mc3,S_map,739,0.9573491441139906,0.8684347373894956,0.9849662031075062,0.9389666297579424,0.053090181285950264,0.03051495465372346,"[1.107300331796085, 1.0914187818564838, 1.1234129787560758]","[1.0895330821854956, 1.0117197551309731, 1.173331183024049]",0.6774772162966584
w7_30_mc2_trypsinP,A,1197,0.834904848426891,0.5678627145085804,0.9471148813866159,9.1296725796783,0.28930749335019934,0.0013649847117515438,"[1.0766909269638294, 1.0602303991007689, 1.0934070115226426]","[1.0695576190101082, 1.0311576724053064, 1.109387566029698]",0.7588367087749917
w7_30_mc2_trypsinP,S,750,0.834904848426891,0.5678627145085804,0.9471148813866159,17.527333872125382,0.009876881285304766,8.754293131327707e-07,"[1.1116375638969869, 1.0934525292548838, 1.1301250309502708]","[1.0770981232722816, 1.0352911133460483, 1.120593379196612]",0.17771983461226837
w7_30_mc2_trypsinP,S_map,731,0.834904848426891,0.5678627145085804,0.9471148813866159,6.532422410953586,0.0008852047624108892,2.7461537093157523e-05,"[1.1152422698749473, 1.0967843012183747, 1.1340108708104]","[1.0695738613306944, 1.0273275861997095, 1.1135574087654876]",0.07934157447312441
