arm,chain,charge,placed,observed_ppm,separation_ppm,baseline_definition,family,n_baseline_psms,baseline_chains,centre_ppm,spread_ppm,spread_source,deviation_ppm,z_if_sulfide,z_if_dioxidation,nearer_hypothesis,half_separation_rule_resolvable_as_sulfide,half_separation_rule_resolvable_as_dioxidation,reading,expected_ppm_if_dioxidised_but_reported_as_sulfide,that_expectation_inside_plus10ppm_edge,p_error_inside_plus10ppm_edge_if_dioxidised
CTH_Cys,A,2,Nethylmaleimide;Sulfide,-6.497743547370178,6.994,"D1 file, all non-sulfide PSMs (median, SD)",B-dominated,12,A 0 / B 12,5.765933954136738,1.0446396120712458,SD of the same PSMs,-12.263677501506915,-11.7396251872847,-18.434757096108967,sulfide,False,False,neither,12.759933954136738,False,0.004120948228817402
CTH_Cys,A,2,Nethylmaleimide;Sulfide,-6.497743547370178,6.994,"D2 file, all non-sulfide PSMs (median, MAD-scaled SD)",B-dominated,12,A 0 / B 12,5.765933954136738,0.6630149385919968,MAD-scaled SD of the same PSMs,-12.263677501506915,-18.49683436628218,-29.045616290943965,sulfide,False,False,neither,12.759933954136738,False,1.5725149560738786e-05
CTH_Cys,A,2,Nethylmaleimide;Sulfide,-6.497743547370178,6.994,"D3 four files pooled, all non-sulfide PSMs (median, SD)",B-dominated,49,A 2 / B 47,5.40823981439213,1.8601862113842123,SD of the same PSMs,-11.905983361762308,-6.400425553580876,-10.160264196184073,sulfide,False,False,neither,12.402239814392129,False,0.09828293933596188
CTH_Cys,A,2,Nethylmaleimide;Sulfide,-6.497743547370178,6.994,"D4 file, all non-sulfide PSMs (mean, SD)",B-dominated,12,A 0 / B 12,5.332717913262376,1.0446396120712458,SD of the same PSMs,-11.830461460632554,-11.324921364197417,-18.020053273021684,sulfide,False,False,neither,12.326717913262375,False,0.012963867643215311
CTH_Cys,A,2,Nethylmaleimide;Sulfide,-6.497743547370178,6.994,"D5 file, same chain",chain-matched,0,,,,SD of the same PSMs,,,,,,,no baseline (no PSM of this kind),,,
CTH_Cys,A,2,Nethylmaleimide;Sulfide,-6.497743547370178,6.994,"D6a four files, same chain (SD of those PSMs)",chain-matched,2,A 2 / B 0,-0.901481568948741,0.7375811092751517,SD of the same PSMs (n = 2),-5.596261978421437,-7.587317392010068,-17.06966436653232,sulfide,False,False,neither,6.092518431051259,True,0.9999999413639705
CTH_Cys,A,2,Nethylmaleimide;Sulfide,-6.497743547370178,6.994,"D6b four files, same chain (file SD as stand-in)",chain-matched,2,A 2 / B 0,-0.901481568948741,1.0446396120712458,SD of all non-sulfide PSMs of the file,-5.596261978421437,-5.357122124945579,-12.052254033769845,sulfide,False,False,neither,6.092518431051259,True,0.9999081752100987
CTH_Cys,A,2,Nethylmaleimide;Sulfide,-6.497743547370178,6.994,"D7 four files, same chain and charge",chain-and-charge-matched,0,,,,SD of the same PSMs,,,,,,,no baseline (no PSM of this kind),,,
CTH_Cys,A,2,Sulfide,4.598372052546707,6.994,"D1 file, all non-sulfide PSMs (median, SD)",B-dominated,12,A 0 / B 12,5.765933954136738,1.0446396120712458,SD of the same PSMs,-1.1675619015900311,-1.1176695657510658,-7.8128014745753305,sulfide,True,False,sulfide only,12.759933954136738,False,0.004120948228817402
CTH_Cys,A,2,Sulfide,4.598372052546707,6.994,"D2 file, all non-sulfide PSMs (median, MAD-scaled SD)",B-dominated,12,A 0 / B 12,5.765933954136738,0.6630149385919968,MAD-scaled SD of the same PSMs,-1.1675619015900311,-1.7609888309145931,-12.309770755576379,sulfide,True,False,sulfide only,12.759933954136738,False,1.5725149560738786e-05
CTH_Cys,A,2,Sulfide,4.598372052546707,6.994,"D3 four files pooled, all non-sulfide PSMs (median, SD)",B-dominated,49,A 2 / B 47,5.40823981439213,1.8601862113842123,SD of the same PSMs,-0.8098677618454229,-0.43536918878824477,-4.195207831391442,sulfide,True,False,sulfide only,12.402239814392129,False,0.09828293933596188
CTH_Cys,A,2,Sulfide,4.598372052546707,6.994,"D4 file, all non-sulfide PSMs (mean, SD)",B-dominated,12,A 0 / B 12,5.332717913262376,1.0446396120712458,SD of the same PSMs,-0.7343458607156688,-0.7029657426637823,-7.398097651488047,sulfide,True,False,sulfide only,12.326717913262375,False,0.012963867643215311
CTH_Cys,A,2,Sulfide,4.598372052546707,6.994,"D5 file, same chain",chain-matched,0,,,,SD of the same PSMs,,,,,,,no baseline (no PSM of this kind),,,
CTH_Cys,A,2,Sulfide,4.598372052546707,6.994,"D6a four files, same chain (SD of those PSMs)",chain-matched,2,A 2 / B 0,-0.901481568948741,0.7375811092751517,SD of the same PSMs (n = 2),5.499853621495448,7.456608571361539,-2.025738403160711,dioxidation,False,True,neither,6.092518431051259,True,0.9999999413639705
CTH_Cys,A,2,Sulfide,4.598372052546707,6.994,"D6b four files, same chain (file SD as stand-in)",chain-matched,2,A 2 / B 0,-0.901481568948741,1.0446396120712458,SD of all non-sulfide PSMs of the file,5.499853621495448,5.264833496588056,-1.4302984122362088,dioxidation,False,True,dioxidation only,6.092518431051259,True,0.9999081752100987
CTH_Cys,A,2,Sulfide,4.598372052546707,6.994,"D7 four files, same chain and charge",chain-and-charge-matched,0,,,,SD of the same PSMs,,,,,,,no baseline (no PSM of this kind),,,
NaHS,B,4,Nethylmaleimide;Sulfide,4.41737649307104,4.954,"D1 file, all non-sulfide PSMs (median, SD)",B-dominated,28,A 2 / B 26,4.613115744174295,2.188383806040607,SD of the same PSMs,-0.19573925110325519,-0.08944466256922351,-2.353215755338896,sulfide,True,False,sulfide only,9.567115744174295,True,0.5784031489082597
NaHS,B,4,Nethylmaleimide;Sulfide,4.41737649307104,4.954,"D2 file, all non-sulfide PSMs (median, MAD-scaled SD)",B-dominated,28,A 2 / B 26,4.613115744174295,1.6536501020628014,MAD-scaled SD of the same PSMs,-0.19573925110325519,-0.11836799747364059,-3.1141649885180374,sulfide,True,False,sulfide only,9.567115744174295,True,0.6032525429618506
NaHS,B,4,Nethylmaleimide;Sulfide,4.41737649307104,4.954,"D3 four files pooled, all non-sulfide PSMs (median, SD)",B-dominated,49,A 2 / B 47,5.40823981439213,1.8601862113842123,SD of the same PSMs,-0.9908633213210898,-0.5326688883387448,-3.1958431284668882,sulfide,True,False,sulfide only,10.36223981439213,False,0.4228009517013198
NaHS,B,4,Nethylmaleimide;Sulfide,4.41737649307104,4.954,"D4 file, all non-sulfide PSMs (mean, SD)",B-dominated,28,A 2 / B 26,4.422391873224796,2.188383806040607,SD of the same PSMs,-0.0050153801537558,-0.002291819259451573,-2.266062912029124,sulfide,True,False,sulfide only,9.376391873224796,True,0.61216370519519
NaHS,B,4,Nethylmaleimide;Sulfide,4.41737649307104,4.954,"D5 file, same chain",chain-matched,26,A 0 / B 26,5.056435228400705,1.6457435822088982,SD of the same PSMs,-0.6390587353296651,-0.38831002729594594,-3.398499496393433,sulfide,True,False,sulfide only,10.010435228400706,False,0.49747042858683393
NaHS,B,4,Nethylmaleimide;Sulfide,4.41737649307104,4.954,"D6a four files, same chain (SD of those PSMs)",chain-matched,47,A 0 / B 47,5.520722451827238,1.4356309267471687,SD of the same PSMs,-1.103345958756198,-0.7685442951944083,-4.219291912637214,sulfide,True,False,sulfide only,10.474722451827237,False,0.37044625819208865
NaHS,B,4,Nethylmaleimide;Sulfide,4.41737649307104,4.954,"D6b four files, same chain (file SD as stand-in)",chain-matched,47,A 0 / B 47,5.520722451827238,2.188383806040607,SD of all non-sulfide PSMs of the file,-1.103345958756198,-0.5041830211458458,-2.767954113915518,sulfide,True,False,sulfide only,10.474722451827237,False,0.4141320982394874
NaHS,B,4,Nethylmaleimide;Sulfide,4.41737649307104,4.954,"D7 four files, same chain and charge",chain-and-charge-matched,21,A 0 / B 21,5.056171424766864,1.3788507390098281,SD of the same PSMs,-0.6387949316958244,-0.46328069719464476,-4.056127884960259,sulfide,True,False,sulfide only,10.010171424766863,False,0.497057132817156
NaHS,B,4,Nethylmaleimide;Sulfide,7.75364331130552,4.954,"D1 file, all non-sulfide PSMs (median, SD)",B-dominated,28,A 2 / B 26,4.613115744174295,2.188383806040607,SD of the same PSMs,3.140527567131225,1.435089931876854,-0.8286811608928184,dioxidation,False,True,either,9.567115744174295,True,0.5784031489082597
NaHS,B,4,Nethylmaleimide;Sulfide,7.75364331130552,4.954,"D2 file, all non-sulfide PSMs (median, MAD-scaled SD)",B-dominated,28,A 2 / B 26,4.613115744174295,1.6536501020628014,MAD-scaled SD of the same PSMs,3.140527567131225,1.8991487759191974,-1.0966482151251993,dioxidation,False,True,either,9.567115744174295,True,0.6032525429618506
NaHS,B,4,Nethylmaleimide;Sulfide,7.75364331130552,4.954,"D3 four files pooled, all non-sulfide PSMs (median, SD)",B-dominated,49,A 2 / B 47,5.40823981439213,1.8601862113842123,SD of the same PSMs,2.3454034969133906,1.2608433943654036,-1.40233084576274,sulfide,True,False,either,10.36223981439213,False,0.4228009517013198
NaHS,B,4,Nethylmaleimide;Sulfide,7.75364331130552,4.954,"D4 file, all non-sulfide PSMs (mean, SD)",B-dominated,28,A 2 / B 26,4.422391873224796,2.188383806040607,SD of the same PSMs,3.3312514380807245,1.5222427751866259,-0.7415283175830464,dioxidation,False,True,either,9.376391873224796,True,0.61216370519519
NaHS,B,4,Nethylmaleimide;Sulfide,7.75364331130552,4.954,"D5 file, same chain",chain-matched,26,A 0 / B 26,5.056435228400705,1.6457435822088982,SD of the same PSMs,2.6972080829048153,1.6388993474212146,-1.3712901216762725,dioxidation,False,True,either,10.010435228400706,False,0.49747042858683393
NaHS,B,4,Nethylmaleimide;Sulfide,7.75364331130552,4.954,"D6a four files, same chain (SD of those PSMs)",chain-matched,47,A 0 / B 47,5.520722451827238,1.4356309267471687,SD of the same PSMs,2.2329208594782823,1.555358565963469,-1.8953890514793368,sulfide,True,False,either,10.474722451827237,False,0.37044625819208865
NaHS,B,4,Nethylmaleimide;Sulfide,7.75364331130552,4.954,"D6b four files, same chain (file SD as stand-in)",chain-matched,47,A 0 / B 47,5.520722451827238,2.188383806040607,SD of all non-sulfide PSMs of the file,2.2329208594782823,1.0203515733002315,-1.2434195194694406,sulfide,True,False,either,10.474722451827237,False,0.4141320982394874
NaHS,B,4,Nethylmaleimide;Sulfide,7.75364331130552,4.954,"D7 four files, same chain and charge",chain-and-charge-matched,21,A 0 / B 21,5.056171424766864,1.3788507390098281,SD of the same PSMs,2.697471886538656,1.9563189910430392,-1.6365281967225749,dioxidation,False,True,either,10.010171424766863,False,0.497057132817156
