cell,attribute,n_tables,gamma,rate,n_pos_mean,prop_auc_before_mean,prop_auc_after_mean,baseline_mean,baseline_mcse,matched_mean,matched_mcse,loss_mean,retention_p50,retention_p2_5,retention_p97_5,neg_b_mean,neg_b_over_baseline,detmatch_mean,detmatch_over_baseline,pairc_mean,pairc_over_baseline,observed_baseline,observed_matched,observed_retention,frac_tables_retention_ge_observed,frac_tables_matched_ge_observed,x1_KRcount20_hi_baseline_mean,x1_KRcount20_hi_ratio_p50,x1_KRcount20_hi_ratio_p2_5,x1_KRcount20_hi_ratio_p97_5,x3_AKRV10_hi_baseline_mean,x3_AKRV10_hi_ratio_p50,x3_AKRV10_hi_ratio_p2_5,x3_AKRV10_hi_ratio_p97_5,x4_KR5_hi_baseline_mean,x4_KR5_hi_ratio_p50,x4_KR5_hi_ratio_p2_5,x4_KR5_hi_ratio_p97_5,verdict_vanishes,verdict_undecidable,verdict_attenuated,frac_matched_ci_excludes_0,frac_baseline_ci_excludes_0,verdict_reverses,verdict_survives,verdict_baseline_contradicts_claim
L0cal,a1_SFE006_KR,300,3.4978345453601807,0.2,1373.66,0.7647886666666667,0.5000986666666666,1.3806686983804668,0.005777141686899274,0.14320327081266465,0.008229980861634833,1.2374654275678023,0.10719789248833062,-0.1482457741442144,0.27928388389433745,1.2216055477105414,0.8847926726690426,1.0119105344038792,0.7329133597298589,0.15215081764509325,0.11020081633165663,1.3840344206722544,0.594987270476461,0.4298934055321133,0.0,0.0,1.1791662577212128,0.8538282695971965,0.7171228785575806,1.0018405291398214,0.7530803424387758,0.5434426317913499,0.4483292089904621,0.667827243233416,0.5043423123473251,0.3615207905921584,0.2765512723909162,0.4747006748972928,,,,,,,,
L0cal,a1b_SNO021_K,300,3.4978345453601807,0.2,1373.66,0.7647886666666667,0.5000986666666666,0.5546849016051371,0.00412657188410143,0.05475597885981943,0.006121829517848995,0.49992892274531764,0.09976965421539044,-0.3657584906096143,0.4112145680987561,0.5510753217165677,0.9934925578862449,0.40076347853923977,0.7225065571093024,0.05640421362472359,0.10168694597870269,1.0476,0.5784,0.552119129438717,0.0,0.0,,,,,,,,,,,,,,,,,,,,
L0cal,a2_SNO016_KRH,300,3.4978345453601807,0.2,1373.66,0.7647886666666667,0.5000986666666666,-0.1305858462719466,0.00511051896801112,-0.2790217795224933,0.007468222738968946,0.1484359332505467,1.8942499848837988,-6.2744808739447615,10.1675899736117,1.2977085229562548,-9.937589409603865,0.23382831839066961,-1.790609970882444,-0.2994592926762855,2.293198698216175,-1.0265,-0.6765,0.6590355577204091,0.9033333333333333,1.0,,,,,,,,,,,,,,,,,,,,
L0cal,a2b_PERS009_AKRV,300,3.4978345453601807,0.2,1373.66,0.7647886666666667,0.5000986666666666,0.4786646689971754,0.0036120359762006112,0.046434567308304225,0.00525574053265848,0.43223010168887127,0.10458034703623917,-0.30669883078850746,0.3984702931299243,0.7025428327703469,1.4677139932684118,0.4721586831551111,0.986408050847591,0.05165409897171624,0.10791291339704256,0.8679,0.322,0.3710104850789261,0.04,0.0,,,,,,,,,,,,,,,,,,,,
L0cal,a3_SNO006_DE3,300,3.4978345453601807,0.2,1373.66,0.7647886666666667,0.5000986666666666,0.08977374577309274,0.006162133178758906,0.1083080587332834,0.009054026882824797,-0.018534312960190664,1.0686700563075733,-6.775403057578303,9.300098173550792,-0.036895881782207963,-0.41098743808088384,0.08117444871235314,0.9042114486068709,0.1105440477146667,1.2313627638315532,1.2640125253678494,1.2890510115597604,1.019808732658424,0.5333333333333333,0.0,,,,,,,,,,,,,,,,,,,,
L0cal,a3b_SFE002_E,300,3.4978345453601807,0.2,1373.66,0.7647886666666667,0.5000986666666666,0.15272475576023306,0.0038384649921071835,0.1627213484134587,0.005644491783660774,-0.009996592653225621,1.0619155363411519,-0.5482930963643501,2.3231364040601385,0.06535264539141504,0.4279112778154579,0.1296938616886018,0.8491999940874805,0.16993683450238553,1.1126999919330316,0.8160126689938106,0.6765694132315305,0.8291163102477055,0.69,0.0,,,,,,,,,,,,,,,,,,,,
L0cal,a4_LATENT30,300,3.4978345453601807,0.2,1373.66,0.7647886666666667,0.5000986666666666,0.006523851594209699,0.00541892174563849,0.00541308114579519,0.006598651620498046,0.0011107704484145072,0.871937662489072,-14.271588634395767,12.968509210894128,0.006706823600940481,1.028046623085844,0.009012133101460817,1.3814129538844224,0.0053873507911815395,0.8257929711281492,,,,,,,,,,,,,,,,,,,,,,,,,
L0cal,x1_KRcount20_hi,300,3.4978345453601807,0.2,1373.66,0.7647886666666667,0.5000986666666666,1.1791662577212128,0.0040462350827479,0.1537342899223996,0.00551726829523692,1.0254319677988133,0.1346822712085288,-0.016647785965978275,0.26103164255808925,1.1202630302353622,0.9500467155499485,0.9315528642079405,0.7900097701304688,0.18163000968531023,0.15403257046747393,,,,,,,,,,,,,,,,,,,,,,,,,
L0cal,x2_KR5_ge3,300,3.4978345453601807,0.2,1373.66,0.7647886666666667,0.5000986666666666,-0.5375862451351697,0.00604342787746871,-0.3828019538479328,0.009304680710312001,-0.15478429128723695,0.7144172825241779,0.1503945914148292,1.1880895523171224,1.7780833998636156,-3.307531425802268,0.15122945872035268,-0.28131199428721954,-0.41300838575819776,0.7682644217475313,,,,,,,,,,,,,,,,,,,,,,,,,
L0cal,x3_AKRV10_hi,300,3.4978345453601807,0.2,1373.66,0.7647886666666667,0.5000986666666666,0.7530803424387758,0.0037717993039999183,0.11952284437971765,0.0056840919856703,0.6335574980590581,0.16316103656061434,-0.13163223475022096,0.37712314745746456,0.7980881452646095,1.0597649417857335,0.631996757813751,0.8392155819219664,0.13380371559711576,0.17767522010175665,,,,,,,,,,,,,,,,,,,,,,,,,
L0cal,x4_KR5_hi,300,3.4978345453601807,0.2,1373.66,0.7647886666666667,0.5000986666666666,0.5043423123473251,0.003856375982684668,0.02704110806920313,0.005265855843634003,0.4773012042781219,0.06093488444045815,-0.3749663508779326,0.33382245918755055,1.6208755523836873,3.2138401095869984,0.7216585734958669,1.4308904008809058,0.03298005521422653,0.0653922036815229,,,,,,,,,,,,,,,,,,,,,,,,,
L0cal16,a1_SFE006_KR,300,3.4978345453601807,0.16,1099.1333333333334,0.7678443333333334,0.5001013333333333,1.4206623849248838,0.007263544047365762,0.139990914143507,0.009668387983815986,1.2806714707813767,0.09290166222994489,-0.14172511759213033,0.29955314515276,1.2298784015353308,0.8657077252033807,1.0301817259481019,0.725141833048935,0.1481496944186156,0.10428212641559373,1.3840344206722544,0.594987270476461,0.4298934055321133,0.0,0.0033333333333333335,1.2037881643538155,0.8486817784457081,0.699957830798549,1.0219157863308015,0.7667098779185384,0.5430448502424262,0.4236574103440849,0.6761522484238699,0.6185961958097003,0.4331774119206182,0.3239470511094253,0.5620738888004718,,,,,,,,
L0cal16,a1b_SNO021_K,300,3.4978345453601807,0.16,1099.1333333333334,0.7678443333333334,0.5001013333333333,0.5668759362366093,0.004914371700124462,0.051478823567380594,0.007140357467837409,0.5153971126692286,0.07870964076306576,-0.4142828166609116,0.442099329348881,0.5437682319515053,0.959236752156897,0.4026562233994875,0.7103074899821151,0.05329320832752079,0.09401211962060893,1.0476,0.5784,0.552119129438717,0.0,0.0,,,,,,,,,,,,,,,,,,,,
L0cal16,a2_SNO016_KRH,300,3.4978345453601807,0.16,1099.1333333333334,0.7678443333333334,0.5001013333333333,-0.03514449456797428,0.0065873238735957695,-0.2275344022428185,0.009061170413797594,0.19238990767484423,1.7359085268271084,-19.848412643928175,29.556577265698973,1.3162454111831952,-37.45239268237009,0.2553218223564459,-7.264916610555273,-0.24639427362085584,7.01089250677074,-1.0265,-0.6765,0.6590355577204091,0.6333333333333333,0.9933333333333333,,,,,,,,,,,,,,,,,,,,
L0cal16,a2b_PERS009_AKRV,300,3.4978345453601807,0.16,1099.1333333333334,0.7678443333333334,0.5001013333333333,0.5156882697165525,0.004264784240925889,0.040901059743895844,0.006417091334955112,0.4747872099726565,0.0722311094815444,-0.3801851931507335,0.4463669325484376,0.7141925848176163,1.3849308327493497,0.4679563087270552,0.9074402816730094,0.045810569597518634,0.08883384068964448,0.8679,0.322,0.3710104850789261,0.06333333333333334,0.013333333333333334,,,,,,,,,,,,,,,,,,,,
L0cal16,a3_SNO006_DE3,300,3.4978345453601807,0.16,1099.1333333333334,0.7678443333333334,0.5001013333333333,0.06927496670909193,0.006558653782469179,0.1002450808811381,0.00964197870029787,-0.030970114172046172,1.0906028981318883,-16.252208919234942,8.266446326175675,-0.04818089848355712,-0.6955022971845566,0.05959176813171653,0.8602208122590908,0.10209046414038077,1.4736992161842786,1.2640125253678494,1.2890510115597604,1.019808732658424,0.5366666666666666,0.0,,,,,,,,,,,,,,,,,,,,
L0cal16,a3b_SFE002_E,300,3.4978345453601807,0.16,1099.1333333333334,0.7678443333333334,0.5001013333333333,0.15680702444988048,0.004710358602968023,0.1694466004812335,0.007257741719971284,-0.012639576031353043,1.0467862944182107,-0.497824235937019,4.292813273152896,0.06861716132264363,0.43758984371631526,0.12273437532856171,0.7827096761713679,0.17737226579413384,1.1311500005589772,0.8160126689938106,0.6765694132315305,0.8291163102477055,0.6666666666666666,0.0,,,,,,,,,,,,,,,,,,,,
L0cal16,a4_LATENT30,300,3.4978345453601807,0.16,1099.1333333333334,0.7678443333333334,0.5001013333333333,-0.005087006945174254,0.005969591372099404,-0.0025117917844690372,0.00832811504983703,-0.0025752151607052187,1.0257265324093128,-8.51477585361994,15.645580886126094,-0.008463101864563921,1.6636702005277133,-0.004453495999755114,0.8754648947314462,-0.0023331023970765926,0.4586395147916734,,,,,,,,,,,,,,,,,,,,,,,,,
L0cal16,x1_KRcount20_hi,300,3.4978345453601807,0.16,1099.1333333333334,0.7678443333333334,0.5001013333333333,1.2037881643538155,0.004919268519705093,0.15635035954673016,0.006120399393449119,1.0474378048070851,0.12354344274564147,-0.03836170878803809,0.28533791917842544,1.1059239054811962,0.9187030893220718,0.9430701971399249,0.7834187318548342,0.18413477130109604,0.1529627693257295,,,,,,,,,,,,,,,,,,,,,,,,,
L0cal16,x2_KR5_ge3,300,3.4978345453601807,0.16,1099.1333333333334,0.7678443333333334,0.5001013333333333,-0.41007092905806597,0.007749049845990388,-0.3186134322585903,0.011113469426382364,-0.09145749679947567,0.7733678872303634,-0.18018727901077447,1.516833535399751,1.7742152782091634,-4.326605844224414,0.1682220408730807,-0.41022669239072174,-0.34563116943450956,0.8428570399477605,,,,,,,,,,,,,,,,,,,,,,,,,
L0cal16,x3_AKRV10_hi,300,3.4978345453601807,0.16,1099.1333333333334,0.7678443333333334,0.5001013333333333,0.7667098779185384,0.003985684024633755,0.09926952179808744,0.005525522848487083,0.667440356120451,0.13057624133025217,-0.11960413145643467,0.3417903689454629,0.7856388678412889,1.0246885953447462,0.6155802512718492,0.8028855098919876,0.11099617000290322,0.14476945347858994,,,,,,,,,,,,,,,,,,,,,,,,,
L0cal16,x4_KR5_hi,300,3.4978345453601807,0.16,1099.1333333333334,0.7678443333333334,0.5001013333333333,0.6185961958097003,0.004489107611472858,0.0743152576748973,0.006328848703064942,0.544280938134803,0.11992814974498107,-0.25001493305341793,0.4033207965306154,1.6475070112088663,2.66329961672718,0.7470935814972381,1.2077241770285114,0.09099419704228394,0.14709789303372411,,,,,,,,,,,,,,,,,,,,,,,,,
L0ci,a1_SFE006_KR,200,3.4978345453601807,0.2,1372.295,0.764709,0.5001009999999998,1.3938843032418993,0.007977144064274189,0.15234024582856445,0.011128854171765647,1.241544057413335,0.10795497367598757,-0.13173038710609916,0.2990830922715079,1.234047787536224,0.8853301415806698,1.0150070002355727,0.728185974886773,0.16009515074018574,0.1148554082773126,1.3840344206722544,0.594987270476461,0.4298934055321133,0.0,0.0,,,,,,,,,,,,,0.575,0.26,0.165,0.165,1.0,,,
L0ci,a1b_SNO021_K,200,3.4978345453601807,0.2,1372.295,0.764709,0.5001009999999998,0.5571489442255593,0.004626980683903207,0.04691662010792543,0.006721571272623983,0.5102323241176339,0.08557996743572752,-0.30340185829443655,0.3697424703161079,0.5522940535879788,0.9912861889304505,0.3926905483831784,0.7048214888552304,0.04853967456532646,0.08712154096028474,1.0476,0.5784,0.552119129438717,0.0,0.0,,,,,,,,,,,,,0.89,0.075,0.03,0.035,1.0,0.005,,
L0ci,a2b_PERS009_AKRV,200,3.4978345453601807,0.2,1372.295,0.764709,0.5001009999999998,0.482093108276073,0.0049060208094642635,0.051885612500860795,0.006445894486334658,0.4302074957752122,0.11357908979754557,-0.3082404803082018,0.3745873848845168,0.7026156437932229,1.4574272723078767,0.47167413780857104,0.9783880534929044,0.05763184702453783,0.11954505475223402,0.8679,0.322,0.3710104850789261,0.03,0.005,,,,,,,,,,,,,0.905,0.065,0.025,0.03,1.0,0.005,,
L0ci,a3b_SFE002_E,200,3.4978345453601807,0.2,1372.295,0.764709,0.5001009999999998,0.15159149440466638,0.004906898265907817,0.16074459384198728,0.006921385794579799,-0.009153099437320913,0.9980739789878994,-0.3792983297167763,2.910425271238961,0.061959717864166396,0.40872819486011425,0.11292592437448928,0.7449357552544394,0.16739773239797207,1.1042686336418828,0.8160126689938106,0.6765694132315305,0.8291163102477055,0.645,0.0,,,,,,,,,,,,,,0.76,0.015,0.24,0.4,,0.225,
L0ci,a4_LATENT30,200,3.4978345453601807,0.2,1372.295,0.764709,0.5001009999999998,0.0018732955575004734,0.006496698459125278,-0.006918720518848267,0.008904473124797443,0.008792016076348743,1.107569089098944,-7.077474231839413,12.014029758770475,-0.0011355052485254513,-0.6061538148526594,-0.00704242040978732,-3.7593749590609065,-0.00689003073505152,-3.6780265172063102,,,,,,,,,,,,,,,,,,,0.92,0.03,0.06,0.07,,0.015,0.035
