claim,simulated_attribute,detection_model,observed_baseline,observed_matched,observed_retention,observed_propensity_auc,sim_null_baseline_mean,sim_null_matched_mean,sim_null_propensity_auc,effect_reproducing_observed_baseline,effect_reproducing_observed_matched,sim_matched_at_that_effect,sim_retention_at_calibrated_effect,sim_null_detectability_share_of_observed_baseline,nearest_grid_effect,sim_retention_p2_5_at_nearest,sim_retention_p50_at_nearest,sim_retention_p97_5_at_nearest,observed_retention_below_sim_p2_5,sim_baseline_at_matched_effect,excess_baseline_over_sim,implied_retention_vs_truth
"SFE-006 (Yang 2014, own data)",a1_SFE006_KR,real,1.3840344206722544,0.594987270476461,0.42989340553211336,0.7615912499194116,0.359596129450039,0.07409522521606983,0.671815,1.1978698889765313,0.6390200542146585,1.076232061219853,0.7776049823219748,0.2598173311870204,1.25,0.6474808487498656,0.7842423802228426,0.8905439908249198,True,0.8959847020160577,0.4880497186561966,0.9310932678125216
"SFE-006 (Yang 2014, own data)",a1_SFE006_KR,steep,1.3840344206722544,0.594987270476461,0.42989340553211336,0.7615912499194116,0.5122627741391349,0.10448688457366927,0.721112,1.1845616326989,0.689321699187695,0.9675818901657229,0.6991024758587638,0.37012285712541615,1.25,0.5797314172579872,0.7126935711180535,0.8052398610893474,True,1.0075780646262227,0.37645635604603167,0.8631489059137427
"SFE-006 (Yang 2014, own data)",a1_SFE006_KR,permuted_within_protein,1.3840344206722544,0.594987270476461,0.42989340553211336,0.7615912499194116,0.09933497895076629,-0.007350455921831445,0.5394504999999999,1.4976721713235785,0.835281204061722,1.125507181168516,0.8132075072394758,0.07177204372021125,1.5,0.6975767640098264,0.8118538173659309,0.9425488796289233,True,0.7921208352925556,0.5919135853796987,0.7123197165017199
SNO-021,a1b_SNO021_K,real,1.0476,0.5784,0.552119129438717,0.7468,0.1146675474894696,0.08292503708253234,0.6729855,1.1493696244568967,0.5943545933395953,1.0224635506106798,0.976005680231653,0.10945737637406414,1.25,0.8266330555322435,0.9791464758077707,1.1242846010868546,True,0.6038421695773031,0.443757830422697,0.9731564397442466
SNO-021,a1b_SNO021_K,steep,1.0476,0.5784,0.552119129438717,0.7468,0.2605979249341299,0.17206681999741114,0.7212895,1.212135724662392,0.5842207583594411,0.9891282041860108,0.9441849982684333,0.24875708756598883,1.25,0.8090624643447073,0.9449371702398589,1.0979872819883667,True,0.6540523336219318,0.39354766637806826,0.9900367142451658
SNO-021,a1b_SNO021_K,permuted_within_protein,1.0476,0.5784,0.552119129438717,0.7468,0.09295003843024753,0.07905287226825523,0.538819,1.1829740037952812,0.656838524429337,0.9543195211632572,0.9109579239817269,0.08872664989523436,1.25,0.7733937225442916,0.9107515628115253,1.067810630088932,True,0.6339521558906178,0.41364784410938227,0.8805817236473994
"SFE-006 (transfer, Arabidopsis)",a1_SFE006_KR,real,1.1559,0.1761,0.15234881910199846,0.7468,0.359596129450039,0.07409522521606983,0.671815,0.9452220679551644,0.12514011916196863,0.8411959138693612,0.7277410795651538,0.311096227571623,1.0,0.5813794880750995,0.7403986032949085,0.8626802479831714,True,0.45854001495806973,0.6973599850419302,1.407222569223177
"SFE-006 (transfer, Arabidopsis)",a1_SFE006_KR,steep,1.1559,0.1761,0.15234881910199846,0.7468,0.5122627741391349,0.10448688457366927,0.721112,0.8927536176187585,0.10247126762844774,0.7418383370023535,0.6417841828898292,0.4431722243612206,1.0,0.513717468886738,0.6623388880036658,0.7987605912866318,True,0.5904425025402652,0.5654574974597347,1.7185305117774468
"SFE-006 (transfer, Arabidopsis)",a1_SFE006_KR,permuted_within_protein,1.1559,0.1761,0.15234881910199846,0.7468,0.09933497895076629,-0.007350455921831445,0.5394504999999999,1.24799328740149,0.26345200027601073,0.9171874692882871,0.7934834062533845,0.08593734661369175,1.25,0.6451019546358184,0.802180353611942,0.9184730256649751,True,0.31067370703334335,0.8452262929666565,0.6684329586243617
PERS-009,a2b_PERS009_AKRV,real,0.8679,0.322,0.37101048507892614,0.7473,-0.1508575992431901,0.027688677917564433,0.671705,1.2083929940228888,0.3687275600711552,0.9451684966330804,1.0890292621650886,-0.17381910271136086,1.25,0.9340967537506664,1.0849267898183759,1.2194991474276224,True,0.16882978723066028,0.6990702127693398,0.873273481206184
PERS-009,a2b_PERS009_AKRV,steep,0.8679,0.322,0.37101048507892614,0.7473,0.036527376161490856,0.13487391807974647,0.72161,1.2248654895567763,0.3080742203927106,0.9077060367413213,1.0458647732933763,0.04208707934265567,1.25,0.8940901452735566,1.0472788298458369,1.1849341751628217,True,0.23704938141824583,0.6308506185817542,1.0452026774247383
PERS-009,a2b_PERS009_AKRV,permuted_within_protein,0.8679,0.322,0.37101048507892614,0.7473,0.10385359204970544,0.04295741970359509,0.537185,0.9092911029181516,0.44409743905397153,0.6236880416421552,0.7186174002098804,0.11966078125326125,1.0,0.5891979067690345,0.7158050981334205,0.8703151801057387,True,0.4759908021508199,0.3919091978491801,0.7250661041548296
"SNO-016 (transfer, HeLa)",a2_SNO016_KRH,real,-1.0265,-0.6765,0.6590355577204091,0.7161,-1.051096892134444,-0.16972126053961076,0.6725614999999999,0.028803164583867738,,-0.1468222009643147,0.1430318567601702,1.023961901738377,0.0,-0.1836332999607486,0.16583516683516725,0.45819398601026246,False,,,
"SNO-016 (transfer, HeLa)",a2_SNO016_KRH,steep,-1.0265,-0.6765,0.6590355577204091,0.7161,-1.66730026722258,-0.7572564898440212,0.7212164999999999,0.9878346557260618,0.12070312980641874,-0.11170740590666842,0.10882358100990591,1.6242574449318852,1.0,-0.2785191030458918,0.10398987678889852,0.39235777472306277,False,-1.580008599584345,0.553508599584345,-5.604659970996254
"SNO-016 (transfer, HeLa)",a2_SNO016_KRH,permuted_within_protein,-1.0265,-0.6765,0.6590355577204091,0.7161,-0.026521472038398403,-0.04201436019155823,0.5387595000000001,,,,,,,,,,,,,
SFE-002,a3b_SFE002_E,real,0.8160126689938106,0.6765694132315305,0.8291163102477055,0.7615912499194116,0.11247175810336507,0.08426562755364224,0.6725555,0.8434501382910075,0.7194871428266427,0.7783919417543594,0.9538968833831469,0.13783089696640255,0.75,0.7702314723198859,0.9471469821262286,1.1847309067378622,False,0.7107107107958419,0.10530195819796873,0.940349553118487
SFE-002,a3b_SFE002_E,steep,0.8160126689938106,0.6765694132315305,0.8291163102477055,0.7615912499194116,0.5012478678979004,0.48515954796911076,0.7218965,0.4601888382671877,0.28973476927569447,0.7847248749336222,0.961657710414266,0.6142648110058967,0.5,0.7619694042034445,0.965717200845503,1.1475890936034625,False,0.7044943791154735,0.11151828987833712,2.335133663532619
SFE-002,a3b_SFE002_E,permuted_within_protein,0.8160126689938106,0.6765694132315305,0.8291163102477055,0.7615912499194116,0.0066765409447343636,0.04431061127064036,0.5384565,0.9878943694392951,0.8542031411504298,0.7812481671061172,0.9573971052060258,0.008181908441405589,1.0,0.7640183434454045,0.9681327248367231,1.1197746577716328,False,0.7062826839457957,0.1097299850480149,0.7920474423921405
SNO-006,a3_SNO006_DE3,real,1.2640125253678494,1.2890510115597604,1.019808732658424,0.7277686684429869,0.11146801558616777,0.04933609846487281,0.6715244999999999,1.4594176197573674,1.5370785607306268,1.2336878619238076,0.9760092065264806,0.08818584733068896,1.5,0.8098777445336224,0.9797754489226499,1.1510987713200733,False,1.3197787618851118,-0.055766236517262424,0.8386370381400868
SNO-006,a3_SNO006_DE3,steep,1.2640125253678494,1.2890510115597604,1.019808732658424,0.7277686684429869,0.4868630539694522,0.41020073373051447,0.7214065,1.2697169975703435,1.3452081168609158,1.2458685057185588,0.9856456963161735,0.38517264995278955,1.25,0.8343382851396626,0.97665172561976,1.1668923102037523,False,1.3068816888126922,-0.04286916344484282,0.9582539648718448
SNO-006,a3_SNO006_DE3,permuted_within_protein,1.2640125253678494,1.2890510115597604,1.019808732658424,0.7277686684429869,-0.014629267986117005,-0.006939806950634069,0.5384875,1.6483193706197854,1.735635892841944,1.23002150955186,0.973108640038122,-0.01157367327658374,1.5,0.7882253043640775,0.9709889095634449,1.1683021221349081,False,1.323278575354133,-0.0592660499862836,0.7426966778435643
SFE-001 (RSA > 25%),a4_LATENT30,real,2.569682935267797,2.276497333957946,0.8859059235339878,0.7597084692959486,-0.011051198781466163,-0.028324985754810097,0.6728390000000001,3.1816656265732153,2.6479102339242777,2.7392658343497,1.065993705586962,-0.004300607919285759,3.0,1.002657418383771,1.0674330021831082,1.1267456870052397,True,2.1364398145950463,0.4332431206727505,0.8597335758561999
SFE-001 (RSA > 25%),a4_LATENT30,steep,2.569682935267797,2.276497333957946,0.8859059235339878,0.7597084692959486,0.008108152026428235,-0.0012229989400587905,0.7218055000000001,3.964551697423476,3.263592275448257,2.744576209452696,1.0680602543545603,0.0031553122430582094,4.0,1.010258653436324,1.068500237486838,1.1214424578502606,True,2.128486489286901,0.4411964459808959,0.697543425103636
SFE-001 (RSA > 25%),a4_LATENT30,permuted_within_protein,2.569682935267797,2.276497333957946,0.8859059235339878,0.7597084692959486,0.0010117972085244725,0.0006496660755342168,0.5377829999999999,3.1815583432649697,2.7870627734362845,2.591085979503245,1.0083290603450334,0.000393743988660231,3.0,0.9492296920734437,1.0071070623469618,1.0773287327332408,True,2.25789853831028,0.3117843969575169,0.8168087764852023
