谱系,修饰,特征,类型,obs,exp,差pp,z_原值,z_秩次,q_原值,q_秩次,n_位点,n_蛋白,n_有模型,判定
水稻（持硫化）,持硫化,落在无序区 (pLDDT<70),二分,0.0529,0.0855,-3.26,-4.33,,4e-05,,756,600,638,显著
水稻（持硫化）,持硫化,完全埋藏 (rel_sasa<=0.05),二分,0.5437,0.5036,4.01,2.69,,0.01185,,756,600,638,显著
水稻（持硫化）,持硫化,在 loop/coil 上,二分,0.3929,0.3913,0.15,0.1,,0.92612,,756,600,638,阴性
水稻（持硫化）,持硫化,在 sheet 上,二分,0.2421,0.2244,1.77,1.41,,0.19099,,756,600,638,阴性
水稻（持硫化）,持硫化,在预测二硫键中,二分,0.127,0.1189,0.81,1.71,,0.11285,,756,600,638,阴性
水稻（持硫化）,持硫化,相对可及性,连续,0.1108,0.1392,,-4.84,-3.31,0.0,0.00171,756,600,638,稳健
水稻（持硫化）,持硫化,pLDDT,连续,92.4234,90.1976,,5.5,2.57,0.0,0.01538,756,600,638,稳健
水稻（持硫化）,持硫化,8A 内其他 Cys 数,连续,0.3955,0.4445,,-2.61,-2.03,0.01386,0.05948,756,600,638,脆弱（仅原值）
水稻（持硫化）,持硫化,8A 内酸性残基数,连续,1.3294,1.2688,,1.37,1.94,0.20585,0.0735,756,600,638,阴性
水稻（持硫化）,持硫化,pKa（剔除二硫键）,连续,11.2857,11.1179,,2.47,2.6,0.02006,0.01421,643,514,638,稳健
拟南芥（陆生植物）,S-亚硝基化,落在无序区 (pLDDT<70),二分,0.0673,0.096,-2.87,-7.28,,0.0,,3403,2236,2307,显著
拟南芥（陆生植物）,S-亚硝基化,完全埋藏 (rel_sasa<=0.05),二分,0.4775,0.4844,-0.69,-1.01,,0.35662,,3403,2236,2307,阴性
拟南芥（陆生植物）,S-亚硝基化,在 loop/coil 上,二分,0.412,0.3996,1.24,1.86,,0.08564,,3403,2236,2307,阴性
拟南芥（陆生植物）,S-亚硝基化,在 sheet 上,二分,0.1954,0.2119,-1.65,-3.01,,0.00445,,3403,2236,2307,显著
拟南芥（陆生植物）,S-亚硝基化,在预测二硫键中,二分,0.2454,0.2065,3.88,12.84,,0.0,,3403,2236,2307,显著
拟南芥（陆生植物）,S-亚硝基化,相对可及性,连续,0.1345,0.1494,,-5.4,-1.27,0.0,0.24025,3403,2236,2307,脆弱（仅原值）
拟南芥（陆生植物）,S-亚硝基化,pLDDT,连续,90.3325,88.6947,,7.75,-1.53,0.0,0.1576,3403,2236,2307,脆弱（仅原值）
拟南芥（陆生植物）,S-亚硝基化,8A 内其他 Cys 数,连续,0.5145,0.5667,,-5.72,-3.86,0.0,0.00024,3403,2236,2307,稳健
拟南芥（陆生植物）,S-亚硝基化,8A 内酸性残基数,连续,1.4473,1.2672,,8.86,9.59,0.0,0.0,3403,2236,2307,稳健
拟南芥（陆生植物）,S-亚硝基化,pKa（剔除二硫键）,连续,11.0065,11.0757,,-2.15,-1.83,0.04535,0.08957,2507,1688,2307,脆弱（仅原值）
拟南芥（陆生植物）,S-磺酰化,落在无序区 (pLDDT<70),二分,0.0292,0.0804,-5.12,-11.8,,0.0,,2295,1318,1435,显著
拟南芥（陆生植物）,S-磺酰化,完全埋藏 (rel_sasa<=0.05),二分,0.5786,0.5327,4.6,5.86,,0.0,,2295,1318,1435,显著
拟南芥（陆生植物）,S-磺酰化,在 loop/coil 上,二分,0.3281,0.3583,-3.02,-3.96,,0.00016,,2295,1318,1435,显著
拟南芥（陆生植物）,S-磺酰化,在 sheet 上,二分,0.288,0.2647,2.33,3.55,,0.00073,,2295,1318,1435,显著
拟南芥（陆生植物）,S-磺酰化,在预测二硫键中,二分,0.0153,0.0178,-0.26,-1.63,,0.13131,,2295,1318,1435,阴性
拟南芥（陆生植物）,S-磺酰化,相对可及性,连续,0.0989,0.1329,,-10.8,-8.27,0.0,0.0,2295,1318,1435,稳健
拟南芥（陆生植物）,S-磺酰化,pLDDT,连续,92.9922,89.8224,,13.3,7.01,0.0,0.0,2295,1318,1435,稳健
拟南芥（陆生植物）,S-磺酰化,8A 内其他 Cys 数,连续,0.2784,0.3866,,-11.09,-9.75,0.0,0.0,2295,1318,1435,稳健
拟南芥（陆生植物）,S-磺酰化,8A 内酸性残基数,连续,1.2736,1.2521,,0.93,1.35,0.39339,0.20946,2295,1318,1435,阴性
拟南芥（陆生植物）,S-磺酰化,pKa（剔除二硫键）,连续,11.3176,11.2007,,3.41,6.32,0.00121,0.0,2226,1276,1435,稳健
拟南芥（陆生植物）,可逆 Cys 氧化,落在无序区 (pLDDT<70),二分,0.0593,0.0966,-3.73,-6.84,,0.0,,1787,1245,1290,显著
拟南芥（陆生植物）,可逆 Cys 氧化,完全埋藏 (rel_sasa<=0.05),二分,0.498,0.4906,0.74,0.78,,0.4704,,1787,1245,1290,阴性
拟南芥（陆生植物）,可逆 Cys 氧化,在 loop/coil 上,二分,0.4365,0.4119,2.46,2.63,,0.0133,,1787,1245,1290,显著
拟南芥（陆生植物）,可逆 Cys 氧化,在 sheet 上,二分,0.244,0.2564,-1.24,-1.55,,0.15403,,1787,1245,1290,阴性
拟南芥（陆生植物）,可逆 Cys 氧化,在预测二硫键中,二分,0.2546,0.2192,3.54,8.86,,0.0,,1787,1245,1290,显著
拟南芥（陆生植物）,可逆 Cys 氧化,相对可及性,连续,0.128,0.1488,,-5.38,-2.65,0.0,0.01274,1787,1245,1290,稳健
拟南芥（陆生植物）,可逆 Cys 氧化,pLDDT,连续,91.1684,89.0757,,7.11,0.74,0.0,0.49334,1787,1245,1290,脆弱（仅原值）
拟南芥（陆生植物）,可逆 Cys 氧化,8A 内其他 Cys 数,连续,0.6698,0.6833,,-0.98,0.17,0.3727,0.88152,1787,1245,1290,阴性
拟南芥（陆生植物）,可逆 Cys 氧化,8A 内酸性残基数,连续,1.3749,1.2721,,3.67,4.85,0.00047,0.0,1787,1245,1290,稳健
拟南芥（陆生植物）,可逆 Cys 氧化,pKa（剔除二硫键）,连续,11.1541,11.0875,,1.43,2.32,0.18824,0.02995,1317,964,1290,阴性
莱茵衣藻（绿藻）,S-亚硝基化,落在无序区 (pLDDT<70),二分,0.0367,0.1109,-7.42,-5.25,,0.0,,300,243,250,显著
莱茵衣藻（绿藻）,S-亚硝基化,完全埋藏 (rel_sasa<=0.05),二分,0.5233,0.5254,-0.2,-0.08,,0.933,,300,243,250,阴性
莱茵衣藻（绿藻）,S-亚硝基化,在 loop/coil 上,二分,0.3633,0.4074,-4.41,-1.86,,0.08492,,300,243,250,阴性
莱茵衣藻（绿藻）,S-亚硝基化,在 sheet 上,二分,0.3067,0.2756,3.1,1.46,,0.17881,,300,243,250,阴性
莱茵衣藻（绿藻）,S-亚硝基化,在预测二硫键中,二分,0.0367,0.0432,-0.66,-0.93,,0.39267,,300,243,250,阴性
莱茵衣藻（绿藻）,S-亚硝基化,相对可及性,连续,0.1031,0.1405,,-3.88,-0.57,0.00022,0.5948,300,243,250,脆弱（仅原值）
莱茵衣藻（绿藻）,S-亚硝基化,pLDDT,连续,92.0225,87.4621,,5.69,2.97,0.0,0.00504,300,243,250,稳健
莱茵衣藻（绿藻）,S-亚硝基化,8A 内其他 Cys 数,连续,0.3067,0.3918,,-2.98,-2.93,0.00499,0.0056,300,243,250,稳健
莱茵衣藻（绿藻）,S-亚硝基化,8A 内酸性残基数,连续,1.3767,1.2451,,1.91,2.19,0.07782,0.04113,300,243,250,阴性
莱茵衣藻（绿藻）,S-亚硝基化,pKa（剔除二硫键）,连续,11.1902,11.2134,,-0.22,0.79,0.84626,0.4704,286,232,250,阴性
莱茵衣藻（绿藻）,可逆 Cys 氧化,落在无序区 (pLDDT<70),二分,0.0629,0.1113,-4.84,-5.51,,0.0,,731,472,494,显著
莱茵衣藻（绿藻）,可逆 Cys 氧化,完全埋藏 (rel_sasa<=0.05),二分,0.5308,0.5153,1.55,1.04,,0.34329,,731,472,494,阴性
莱茵衣藻（绿藻）,可逆 Cys 氧化,在 loop/coil 上,二分,0.3912,0.4116,-2.04,-1.41,,0.19099,,731,472,494,阴性
莱茵衣藻（绿藻）,可逆 Cys 氧化,在 sheet 上,二分,0.275,0.2613,1.37,1.08,,0.32371,,731,472,494,阴性
莱茵衣藻（绿藻）,可逆 Cys 氧化,在预测二硫键中,二分,0.0711,0.0603,1.09,2.62,,0.01374,,731,472,494,显著
莱茵衣藻（绿藻）,可逆 Cys 氧化,相对可及性,连续,0.1286,0.1453,,-2.67,-0.65,0.01227,0.54262,731,472,494,脆弱（仅原值）
莱茵衣藻（绿藻）,可逆 Cys 氧化,pLDDT,连续,90.6128,87.526,,6.04,2.42,0.0,0.02297,731,472,494,稳健
莱茵衣藻（绿藻）,可逆 Cys 氧化,8A 内其他 Cys 数,连续,0.3311,0.4039,,-3.84,-3.14,0.00025,0.00296,731,472,494,稳健
莱茵衣藻（绿藻）,可逆 Cys 氧化,8A 内酸性残基数,连续,1.4569,1.3113,,3.27,3.51,0.00189,0.00085,731,472,494,稳健
莱茵衣藻（绿藻）,可逆 Cys 氧化,pKa（剔除二硫键）,连续,11.3308,11.2068,,1.95,0.51,0.07098,0.63521,675,436,494,阴性
人 + 小鼠（动物）,S-亚硝基化,落在无序区 (pLDDT<70),二分,0.0708,0.0979,-2.72,-7.02,,0.0,,3265,1740,1884,显著
人 + 小鼠（动物）,S-亚硝基化,完全埋藏 (rel_sasa<=0.05),二分,0.4472,0.4714,-2.43,-3.66,,0.00048,,3265,1740,1884,显著
人 + 小鼠（动物）,S-亚硝基化,在 loop/coil 上,二分,0.3718,0.3824,-1.06,-1.67,,0.12359,,3265,1740,1884,阴性
人 + 小鼠（动物）,S-亚硝基化,在 sheet 上,二分,0.2894,0.262,2.74,4.9,,0.0,,3265,1740,1884,显著
人 + 小鼠（动物）,S-亚硝基化,在预测二硫键中,二分,0.0714,0.0697,0.17,0.86,,0.43252,,3265,1740,1884,阴性
人 + 小鼠（动物）,S-亚硝基化,相对可及性,连续,0.1468,0.158,,-4.02,1.74,0.00013,0.1074,3265,1740,1884,脆弱（仅原值）
人 + 小鼠（动物）,S-亚硝基化,pLDDT,连续,90.6337,89.1117,,7.44,0.94,0.0,0.39119,3265,1740,1884,脆弱（仅原值）
人 + 小鼠（动物）,S-亚硝基化,8A 内其他 Cys 数,连续,0.3979,0.4616,,-7.76,-6.69,0.0,0.0,3265,1740,1884,稳健
人 + 小鼠（动物）,S-亚硝基化,8A 内酸性残基数,连续,1.2723,1.2053,,3.45,4.28,0.00102,4e-05,3265,1740,1884,稳健
人 + 小鼠（动物）,S-亚硝基化,pKa（剔除二硫键）,连续,10.9528,10.963,,-0.36,-0.1,0.7444,0.92612,2912,1605,1884,阴性
人 + 小鼠（动物）,谷胱甘肽化,落在无序区 (pLDDT<70),二分,0.1229,0.1068,1.61,4.07,,0.0001,,3311,1864,1989,显著
人 + 小鼠（动物）,谷胱甘肽化,完全埋藏 (rel_sasa<=0.05),二分,0.4138,0.4649,-5.11,-7.58,,0.0,,3311,1864,1989,显著
人 + 小鼠（动物）,谷胱甘肽化,在 loop/coil 上,二分,0.434,0.3908,4.32,6.59,,0.0,,3311,1864,1989,显著
人 + 小鼠（动物）,谷胱甘肽化,在 sheet 上,二分,0.2332,0.2558,-2.26,-4.0,,0.00014,,3311,1864,1989,显著
人 + 小鼠（动物）,谷胱甘肽化,在预测二硫键中,二分,0.0797,0.0701,0.96,4.67,,1e-05,,3311,1864,1989,显著
人 + 小鼠（动物）,谷胱甘肽化,相对可及性,连续,0.1812,0.163,,6.38,7.07,0.0,0.0,3311,1864,1989,稳健
人 + 小鼠（动物）,谷胱甘肽化,pLDDT,连续,86.7827,87.8878,,-5.27,-6.81,0.0,0.0,3311,1864,1989,稳健
人 + 小鼠（动物）,谷胱甘肽化,8A 内其他 Cys 数,连续,0.3721,0.4467,,-8.58,-7.08,0.0,0.0,3311,1864,1989,稳健
人 + 小鼠（动物）,谷胱甘肽化,8A 内酸性残基数,连续,1.2924,1.2199,,3.68,3.64,0.00046,0.00052,3311,1864,1989,稳健
人 + 小鼠（动物）,谷胱甘肽化,pKa（剔除二硫键）,连续,10.7233,10.8932,,-5.87,-5.67,0.0,0.0,2893,1661,1989,稳健
人 + 小鼠（动物）,S-棕榈酰化,落在无序区 (pLDDT<70),二分,0.1968,0.1563,4.05,9.55,,0.0,,3871,2066,2232,显著
人 + 小鼠（动物）,S-棕榈酰化,完全埋藏 (rel_sasa<=0.05),二分,0.396,0.4215,-2.55,-4.2,,6e-05,,3871,2066,2232,显著
人 + 小鼠（动物）,S-棕榈酰化,在 loop/coil 上,二分,0.425,0.4085,1.64,2.67,,0.01221,,3871,2066,2232,显著
人 + 小鼠（动物）,S-棕榈酰化,在 sheet 上,二分,0.1958,0.2086,-1.28,-2.6,,0.01421,,3871,2066,2232,显著
人 + 小鼠（动物）,S-棕榈酰化,在预测二硫键中,二分,0.1116,0.1292,-1.76,-5.85,,0.0,,3871,2066,2232,显著
人 + 小鼠（动物）,S-棕榈酰化,相对可及性,连续,0.2241,0.1959,,10.06,7.55,0.0,0.0,3871,2066,2232,稳健
人 + 小鼠（动物）,S-棕榈酰化,pLDDT,连续,84.0428,86.0375,,-9.3,-7.63,0.0,0.0,3871,2066,2232,稳健
人 + 小鼠（动物）,S-棕榈酰化,8A 内其他 Cys 数,连续,0.5929,0.607,,-1.49,-1.27,0.16957,0.24025,3871,2066,2232,阴性
人 + 小鼠（动物）,S-棕榈酰化,8A 内酸性残基数,连续,0.9496,1.0407,,-5.27,-5.29,0.0,0.0,3871,2066,2232,稳健
人 + 小鼠（动物）,S-棕榈酰化,pKa（剔除二硫键）,连续,10.61,10.7765,,-6.01,-6.24,0.0,0.0,3262,1797,2232,稳健
人（持硫化）,持硫化,落在无序区 (pLDDT<70),二分,0.0567,0.0841,-2.74,-7.0,,0.0,,2926,1423,1498,显著
人（持硫化）,持硫化,完全埋藏 (rel_sasa<=0.05),二分,0.526,0.491,3.5,4.82,,0.0,,2926,1423,1498,显著
人（持硫化）,持硫化,在 loop/coil 上,二分,0.3513,0.364,-1.26,-1.82,,0.09087,,2926,1423,1498,阴性
人（持硫化）,持硫化,在 sheet 上,二分,0.2919,0.2687,2.32,3.85,,0.00024,,2926,1423,1498,显著
人（持硫化）,持硫化,在预测二硫键中,二分,0.0567,0.0509,0.59,3.11,,0.00324,,2926,1423,1498,显著
人（持硫化）,持硫化,相对可及性,连续,0.1165,0.1415,,-8.7,-6.32,0.0,0.0,2926,1423,1498,稳健
人（持硫化）,持硫化,pLDDT,连续,90.8644,89.1992,,8.0,5.18,0.0,0.0,2926,1423,1498,稳健
人（持硫化）,持硫化,8A 内其他 Cys 数,连续,0.3151,0.3991,,-8.78,-7.38,0.0,0.0,2926,1423,1498,稳健
人（持硫化）,持硫化,8A 内酸性残基数,连续,1.2618,1.2456,,0.77,0.71,0.47661,0.50931,2926,1423,1498,阴性
人（持硫化）,持硫化,pKa（剔除二硫键）,连续,11.241,11.0838,,4.95,5.59,0.0,0.0,2629,1318,1498,稳健
