cohort,model,band,stratum,n,attribute_rate,auc,ci_low,ci_high
human_PXD044043,v2r_chem_trained_on_rice,distal_6_12,all,18567,0.7901,0.609,0.5981,0.62
human_PXD044043,v2r_chem_trained_on_rice,distal_6_12,label_positive,3206,0.8974,0.5906,0.5559,0.6231
human_PXD044043,v2r_chem_trained_on_rice,distal_6_12,label_negative,15361,0.7677,0.5813,0.5693,0.5931
human_PXD044043,v2r_chem_trained_on_rice,proximal_le_5,all,18567,0.6683,0.5332,0.5221,0.5444
human_PXD044043,v2r_chem_trained_on_rice,proximal_le_5,label_positive,3206,0.757,0.4476,0.4252,0.4701
human_PXD044043,v2r_chem_trained_on_rice,proximal_le_5,label_negative,15361,0.6498,0.5255,0.5133,0.538
human_PXD044043,v2r_chem_trained_on_rice,kr_sfe006_offsets,all,18567,0.7236,0.5989,0.5878,0.6097
human_PXD044043,v2r_chem_trained_on_rice,kr_sfe006_offsets,label_positive,3206,0.8194,0.5833,0.5575,0.6087
human_PXD044043,v2r_chem_trained_on_rice,kr_sfe006_offsets,label_negative,15361,0.7037,0.5795,0.5677,0.5918
human_PXD044043,v2r_full_trained_on_rice,distal_6_12,all,18567,0.7901,0.6425,0.6312,0.6539
human_PXD044043,v2r_full_trained_on_rice,distal_6_12,label_positive,3206,0.8974,0.5875,0.552,0.6233
human_PXD044043,v2r_full_trained_on_rice,distal_6_12,label_negative,15361,0.7677,0.6199,0.6076,0.6326
human_PXD044043,v2r_full_trained_on_rice,proximal_le_5,all,18567,0.6683,0.5866,0.5752,0.5976
human_PXD044043,v2r_full_trained_on_rice,proximal_le_5,label_positive,3206,0.757,0.4593,0.4376,0.4812
human_PXD044043,v2r_full_trained_on_rice,proximal_le_5,label_negative,15361,0.6498,0.5907,0.5786,0.6022
human_PXD044043,v2r_full_trained_on_rice,kr_sfe006_offsets,all,18567,0.7236,0.6084,0.5974,0.6195
human_PXD044043,v2r_full_trained_on_rice,kr_sfe006_offsets,label_positive,3206,0.8194,0.5608,0.5337,0.5884
human_PXD044043,v2r_full_trained_on_rice,kr_sfe006_offsets,label_negative,15361,0.7037,0.596,0.5843,0.6084
