cohort,protease,model,band,stratum,n,attribute_rate,auc,ci_low,ci_high
rice_PXD072089,Trypsin,v2h_chem_trained_on_human,distal_6_12,all,5004,0.76,0.6578,0.6379,0.678
rice_PXD072089,Trypsin,v2h_chem_trained_on_human,distal_6_12,label_positive,737,0.8453,0.6298,0.5733,0.6858
rice_PXD072089,Trypsin,v2h_chem_trained_on_human,distal_6_12,label_negative,4267,0.7453,0.6474,0.6255,0.6693
rice_PXD072089,Trypsin,v2h_chem_trained_on_human,proximal_le_5,all,5004,0.6441,0.6022,0.5821,0.6218
rice_PXD072089,Trypsin,v2h_chem_trained_on_human,proximal_le_5,label_positive,737,0.7137,0.5169,0.4688,0.5665
rice_PXD072089,Trypsin,v2h_chem_trained_on_human,proximal_le_5,label_negative,4267,0.6321,0.6055,0.5841,0.6264
rice_PXD072089,Trypsin,v2h_full_trained_on_human,distal_6_12,all,5004,0.76,0.6564,0.6365,0.6768
rice_PXD072089,Trypsin,v2h_full_trained_on_human,distal_6_12,label_positive,737,0.8453,0.6313,0.5694,0.693
rice_PXD072089,Trypsin,v2h_full_trained_on_human,distal_6_12,label_negative,4267,0.7453,0.6457,0.6239,0.6669
rice_PXD072089,Trypsin,v2h_full_trained_on_human,proximal_le_5,all,5004,0.6441,0.642,0.6232,0.6605
rice_PXD072089,Trypsin,v2h_full_trained_on_human,proximal_le_5,label_positive,737,0.7137,0.5442,0.4977,0.5921
rice_PXD072089,Trypsin,v2h_full_trained_on_human,proximal_le_5,label_negative,4267,0.6321,0.6545,0.6347,0.6737
rice_PXD072089,LysC,v2h_chem_trained_on_human,distal_6_12,all,5004,0.457,0.5772,0.5572,0.5972
rice_PXD072089,LysC,v2h_chem_trained_on_human,distal_6_12,label_positive,737,0.3772,0.6051,0.5611,0.6464
rice_PXD072089,LysC,v2h_chem_trained_on_human,distal_6_12,label_negative,4267,0.4708,0.5947,0.573,0.6164
rice_PXD072089,LysC,v2h_chem_trained_on_human,proximal_le_5,all,5004,0.3393,0.5348,0.5159,0.5548
rice_PXD072089,LysC,v2h_chem_trained_on_human,proximal_le_5,label_positive,737,0.1438,0.5703,0.511,0.6319
rice_PXD072089,LysC,v2h_chem_trained_on_human,proximal_le_5,label_negative,4267,0.3731,0.5774,0.5566,0.598
rice_PXD072089,LysC,v2h_full_trained_on_human,distal_6_12,all,5004,0.457,0.5722,0.5541,0.5901
rice_PXD072089,LysC,v2h_full_trained_on_human,distal_6_12,label_positive,737,0.3772,0.5849,0.5416,0.6275
rice_PXD072089,LysC,v2h_full_trained_on_human,distal_6_12,label_negative,4267,0.4708,0.5994,0.5798,0.6194
rice_PXD072089,LysC,v2h_full_trained_on_human,proximal_le_5,all,5004,0.3393,0.5485,0.5304,0.5673
rice_PXD072089,LysC,v2h_full_trained_on_human,proximal_le_5,label_positive,737,0.1438,0.5667,0.5067,0.6276
rice_PXD072089,LysC,v2h_full_trained_on_human,proximal_le_5,label_negative,4267,0.3731,0.6098,0.5897,0.6291
rice_PXD072089,GluC,v2h_chem_trained_on_human,distal_6_12,all,5004,0.5262,0.548,0.5296,0.5663
rice_PXD072089,GluC,v2h_chem_trained_on_human,distal_6_12,label_positive,737,0.536,0.5277,0.4851,0.5692
rice_PXD072089,GluC,v2h_chem_trained_on_human,distal_6_12,label_negative,4267,0.5245,0.5533,0.5332,0.5731
rice_PXD072089,GluC,v2h_chem_trained_on_human,proximal_le_5,all,5004,0.4125,0.5385,0.5184,0.5581
rice_PXD072089,GluC,v2h_chem_trained_on_human,proximal_le_5,label_positive,737,0.4613,0.4767,0.4334,0.5202
rice_PXD072089,GluC,v2h_chem_trained_on_human,proximal_le_5,label_negative,4267,0.404,0.5406,0.5193,0.5624
rice_PXD072089,GluC,v2h_full_trained_on_human,distal_6_12,all,5004,0.5262,0.5396,0.5221,0.5573
rice_PXD072089,GluC,v2h_full_trained_on_human,distal_6_12,label_positive,737,0.536,0.5069,0.4648,0.5475
rice_PXD072089,GluC,v2h_full_trained_on_human,distal_6_12,label_negative,4267,0.5245,0.5477,0.529,0.5667
rice_PXD072089,GluC,v2h_full_trained_on_human,proximal_le_5,all,5004,0.4125,0.5415,0.5222,0.5604
rice_PXD072089,GluC,v2h_full_trained_on_human,proximal_le_5,label_positive,737,0.4613,0.4701,0.4275,0.5148
rice_PXD072089,GluC,v2h_full_trained_on_human,proximal_le_5,label_negative,4267,0.404,0.5428,0.5231,0.5636
rice_PXD072089,AspN,v2h_chem_trained_on_human,distal_6_12,all,5004,0.5338,0.521,0.502,0.5388
rice_PXD072089,AspN,v2h_chem_trained_on_human,distal_6_12,label_positive,737,0.5414,0.4678,0.4235,0.5114
rice_PXD072089,AspN,v2h_chem_trained_on_human,distal_6_12,label_negative,4267,0.5325,0.528,0.5069,0.5491
rice_PXD072089,AspN,v2h_chem_trained_on_human,proximal_le_5,all,5004,0.4219,0.5562,0.537,0.5753
rice_PXD072089,AspN,v2h_chem_trained_on_human,proximal_le_5,label_positive,737,0.4627,0.5069,0.4639,0.5505
rice_PXD072089,AspN,v2h_chem_trained_on_human,proximal_le_5,label_negative,4267,0.4148,0.5575,0.5364,0.5788
rice_PXD072089,AspN,v2h_full_trained_on_human,distal_6_12,all,5004,0.5338,0.5154,0.4963,0.5337
rice_PXD072089,AspN,v2h_full_trained_on_human,distal_6_12,label_positive,737,0.5414,0.4935,0.4522,0.5346
rice_PXD072089,AspN,v2h_full_trained_on_human,distal_6_12,label_negative,4267,0.5325,0.5165,0.4958,0.537
rice_PXD072089,AspN,v2h_full_trained_on_human,proximal_le_5,all,5004,0.4219,0.5359,0.5176,0.5546
rice_PXD072089,AspN,v2h_full_trained_on_human,proximal_le_5,label_positive,737,0.4627,0.4803,0.4374,0.5244
rice_PXD072089,AspN,v2h_full_trained_on_human,proximal_le_5,label_negative,4267,0.4148,0.5356,0.5156,0.5561
rice_PXD072089,Chymotrypsin,v2h_chem_trained_on_human,distal_6_12,all,5004,0.9367,0.5096,0.4647,0.5516
rice_PXD072089,Chymotrypsin,v2h_chem_trained_on_human,distal_6_12,label_positive,737,0.9335,0.5007,0.4152,0.5887
rice_PXD072089,Chymotrypsin,v2h_chem_trained_on_human,distal_6_12,label_negative,4267,0.9372,0.5139,0.4659,0.5579
rice_PXD072089,Chymotrypsin,v2h_chem_trained_on_human,proximal_le_5,all,5004,0.8733,0.4942,0.463,0.5251
rice_PXD072089,Chymotrypsin,v2h_chem_trained_on_human,proximal_le_5,label_positive,737,0.8589,0.4774,0.4162,0.5371
rice_PXD072089,Chymotrypsin,v2h_chem_trained_on_human,proximal_le_5,label_negative,4267,0.8758,0.5043,0.4704,0.5355
rice_PXD072089,Chymotrypsin,v2h_full_trained_on_human,distal_6_12,all,5004,0.9367,0.5123,0.4688,0.5539
rice_PXD072089,Chymotrypsin,v2h_full_trained_on_human,distal_6_12,label_positive,737,0.9335,0.4329,0.3451,0.5254
rice_PXD072089,Chymotrypsin,v2h_full_trained_on_human,distal_6_12,label_negative,4267,0.9372,0.5255,0.4769,0.5695
rice_PXD072089,Chymotrypsin,v2h_full_trained_on_human,proximal_le_5,all,5004,0.8733,0.5073,0.477,0.5383
rice_PXD072089,Chymotrypsin,v2h_full_trained_on_human,proximal_le_5,label_positive,737,0.8589,0.4317,0.3739,0.4909
rice_PXD072089,Chymotrypsin,v2h_full_trained_on_human,proximal_le_5,label_negative,4267,0.8758,0.5271,0.4947,0.5578
