figure,panel,row,field,value,source_table,specification_label
FigS6,a,B1_cleavage|strength 0.0,detection_rate,0.14,cysteine-detectability-audit/source_data_submitted/Source_Data_Fig4_synthetic_ground_truth.csv,reused unchanged from the original figure build
FigS6,a,B1_cleavage|strength 0.1,detection_rate,0.22,cysteine-detectability-audit/source_data_submitted/Source_Data_Fig4_synthetic_ground_truth.csv,reused unchanged from the original figure build
FigS6,a,B1_cleavage|strength 0.25,detection_rate,0.76,cysteine-detectability-audit/source_data_submitted/Source_Data_Fig4_synthetic_ground_truth.csv,reused unchanged from the original figure build
FigS6,a,B1_cleavage|strength 0.5,detection_rate,1.0,cysteine-detectability-audit/source_data_submitted/Source_Data_Fig4_synthetic_ground_truth.csv,reused unchanged from the original figure build
FigS6,a,B1_cleavage|strength 0.75,detection_rate,1.0,cysteine-detectability-audit/source_data_submitted/Source_Data_Fig4_synthetic_ground_truth.csv,reused unchanged from the original figure build
FigS6,a,B1_cleavage|strength 1.0,detection_rate,1.0,cysteine-detectability-audit/source_data_submitted/Source_Data_Fig4_synthetic_ground_truth.csv,reused unchanged from the original figure build
FigS6,a,B2_abundance|strength 0.0,detection_rate,0.12,cysteine-detectability-audit/source_data_submitted/Source_Data_Fig4_synthetic_ground_truth.csv,reused unchanged from the original figure build
FigS6,a,B2_abundance|strength 0.1,detection_rate,0.88,cysteine-detectability-audit/source_data_submitted/Source_Data_Fig4_synthetic_ground_truth.csv,reused unchanged from the original figure build
FigS6,a,B2_abundance|strength 0.25,detection_rate,1.0,cysteine-detectability-audit/source_data_submitted/Source_Data_Fig4_synthetic_ground_truth.csv,reused unchanged from the original figure build
FigS6,a,B2_abundance|strength 0.5,detection_rate,1.0,cysteine-detectability-audit/source_data_submitted/Source_Data_Fig4_synthetic_ground_truth.csv,reused unchanged from the original figure build
FigS6,a,B2_abundance|strength 0.75,detection_rate,1.0,cysteine-detectability-audit/source_data_submitted/Source_Data_Fig4_synthetic_ground_truth.csv,reused unchanged from the original figure build
FigS6,a,B2_abundance|strength 1.0,detection_rate,1.0,cysteine-detectability-audit/source_data_submitted/Source_Data_Fig4_synthetic_ground_truth.csv,reused unchanged from the original figure build
FigS6,a,B3_multicys|strength 0.0,detection_rate,0.02,cysteine-detectability-audit/source_data_submitted/Source_Data_Fig4_synthetic_ground_truth.csv,reused unchanged from the original figure build
FigS6,a,B3_multicys|strength 0.1,detection_rate,0.74,cysteine-detectability-audit/source_data_submitted/Source_Data_Fig4_synthetic_ground_truth.csv,reused unchanged from the original figure build
FigS6,a,B3_multicys|strength 0.25,detection_rate,1.0,cysteine-detectability-audit/source_data_submitted/Source_Data_Fig4_synthetic_ground_truth.csv,reused unchanged from the original figure build
FigS6,a,B3_multicys|strength 0.5,detection_rate,1.0,cysteine-detectability-audit/source_data_submitted/Source_Data_Fig4_synthetic_ground_truth.csv,reused unchanged from the original figure build
FigS6,a,B3_multicys|strength 0.75,detection_rate,1.0,cysteine-detectability-audit/source_data_submitted/Source_Data_Fig4_synthetic_ground_truth.csv,reused unchanged from the original figure build
FigS6,a,B3_multicys|strength 1.0,detection_rate,1.0,cysteine-detectability-audit/source_data_submitted/Source_Data_Fig4_synthetic_ground_truth.csv,reused unchanged from the original figure build
FigS6,a,B4_depletion|strength 0.0,detection_rate,0.02,cysteine-detectability-audit/source_data_submitted/Source_Data_Fig4_synthetic_ground_truth.csv,reused unchanged from the original figure build
FigS6,a,B4_depletion|strength 0.1,detection_rate,0.68,cysteine-detectability-audit/source_data_submitted/Source_Data_Fig4_synthetic_ground_truth.csv,reused unchanged from the original figure build
FigS6,a,B4_depletion|strength 0.25,detection_rate,1.0,cysteine-detectability-audit/source_data_submitted/Source_Data_Fig4_synthetic_ground_truth.csv,reused unchanged from the original figure build
FigS6,a,B4_depletion|strength 0.5,detection_rate,1.0,cysteine-detectability-audit/source_data_submitted/Source_Data_Fig4_synthetic_ground_truth.csv,reused unchanged from the original figure build
FigS6,a,B4_depletion|strength 0.75,detection_rate,1.0,cysteine-detectability-audit/source_data_submitted/Source_Data_Fig4_synthetic_ground_truth.csv,reused unchanged from the original figure build
FigS6,a,B4_depletion|strength 1.0,detection_rate,1.0,cysteine-detectability-audit/source_data_submitted/Source_Data_Fig4_synthetic_ground_truth.csv,reused unchanged from the original figure build
FigS6,b,B1_cleavage|strength ,auroc,0.9568,cysteine-detectability-audit/source_data_submitted/Source_Data_Fig4_synthetic_ground_truth.csv,reused unchanged from the original figure build
FigS6,b,B1_cleavage|strength ,auprc,0.9915,cysteine-detectability-audit/source_data_submitted/Source_Data_Fig4_synthetic_ground_truth.csv,reused unchanged from the original figure build
FigS6,b,B2_abundance|strength ,auroc,0.9958,cysteine-detectability-audit/source_data_submitted/Source_Data_Fig4_synthetic_ground_truth.csv,reused unchanged from the original figure build
FigS6,b,B2_abundance|strength ,auprc,0.9991,cysteine-detectability-audit/source_data_submitted/Source_Data_Fig4_synthetic_ground_truth.csv,reused unchanged from the original figure build
FigS6,b,B3_multicys|strength ,auroc,0.996,cysteine-detectability-audit/source_data_submitted/Source_Data_Fig4_synthetic_ground_truth.csv,reused unchanged from the original figure build
FigS6,b,B3_multicys|strength ,auprc,0.9992,cysteine-detectability-audit/source_data_submitted/Source_Data_Fig4_synthetic_ground_truth.csv,reused unchanged from the original figure build
FigS6,b,B4_depletion|strength ,auroc,0.9955,cysteine-detectability-audit/source_data_submitted/Source_Data_Fig4_synthetic_ground_truth.csv,reused unchanged from the original figure build
FigS6,b,B4_depletion|strength ,auprc,0.9991,cysteine-detectability-audit/source_data_submitted/Source_Data_Fig4_synthetic_ground_truth.csv,reused unchanged from the original figure build
FigS6,c,B1_cleavage|strength 0.0,fpr_at_strength_0,0.14,cysteine-detectability-audit/source_data_submitted/Source_Data_Fig4_synthetic_ground_truth.csv,reused unchanged from the original figure build
FigS6,c,B2_abundance|strength 0.0,fpr_at_strength_0,0.12,cysteine-detectability-audit/source_data_submitted/Source_Data_Fig4_synthetic_ground_truth.csv,reused unchanged from the original figure build
FigS6,c,B3_multicys|strength 0.0,fpr_at_strength_0,0.02,cysteine-detectability-audit/source_data_submitted/Source_Data_Fig4_synthetic_ground_truth.csv,reused unchanged from the original figure build
FigS6,c,B4_depletion|strength 0.0,fpr_at_strength_0,0.02,cysteine-detectability-audit/source_data_submitted/Source_Data_Fig4_synthetic_ground_truth.csv,reused unchanged from the original figure build
