claim_id,round,verdict,earlier_round,earlier_verdict,sensitivity_specification,sensitivity_verdict,has_measured_baseline
PERS-001,phase2b,out_of_instrument_scope,,,,,0
PERS-002,phase2b,undecidable,,,,,1
PERS-003,phase2b,undecidable,,,,,1
PERS-005,phase2b,survives,,,,,1
PERS-006,phase2b,undecidable,,,,,1
PERS-007,phase2b,blocked_material_unreachable,,,,,0
PERS-008,phase2d,undecidable,phase2b,blocked_material_unreachable,whole_proteome_background,survives,1
PERS-009,phase2b,attenuated,,,,,1
PERS-010,phase2b,survives,,,,,1
PERS-011,phase2b,survives,,,,,1
PERS-012,phase2b,survives,,,,,1
SFE-001,phase2e,survives,,,plddt70,survives,1
SFE-002,phase2d,survives,,,,,1
SFE-006,phase2b,vanishes,,,,,1
SFE-007,phase2b,undecidable,,,,,1
SFE-008,phase2b,undecidable,,,,,1
SFE-009,phase2b,out_of_instrument_scope,,,,,0
SFE-010,phase2b,out_of_instrument_scope,,,,,0
SFE-011,phase2b,undecidable,,,,,1
SFI-001,phase2d,survives,,,,,1
SFI-002,phase2d,survives,,,,,1
SFI-004,phase2b,out_of_instrument_scope,,,,,0
SFI-005,phase2b,out_of_instrument_scope,,,,,0
SNO-001,phase2e,undecidable,,,plddt70,undecidable,1
SNO-002,phase2e_author_definitions,undecidable,,,plddt70; reference_area_135,undecidable,1
SNO-004,phase2d,null_broken_by_control,,,,,1
SNO-005,phase2d,undecidable,,,,,1
SNO-006,phase2d,survives,,,,,1
SNO-008,phase2d,survives,,,,,1
SNO-009,phase2e,undecidable,,,plddt70,undecidable,1
SNO-012,phase2e_author_definitions,attenuated,,,plddt70,survives,1
SNO-014,phase2d,undecidable,,,,,1
SNO-016,phase2b,baseline_contradicts_claim,,,,,1
SNO-017,phase2b,out_of_instrument_scope,,,,,0
SNO-021,phase2b,survives,,,,,1
